bonus,roomid,trialnum,networkid,object_id,partnernum,stim_set_id,participantid,previously_interacted_with_neighbor_of_partner
0,0,0,1,target,0,2,4,FALSE
0.03,0,1,1,target,0,2,4,FALSE
0.06,0,2,1,target,0,2,4,FALSE
0.09,0,3,1,target,0,2,4,FALSE
0.12,0,4,1,target,0,2,1,FALSE
0.15,0,5,1,target,0,2,1,FALSE
0.18,0,6,1,target,0,2,1,FALSE
0.21,0,7,1,target,0,2,1,FALSE
0.24,0,8,1,target,0,2,4,FALSE
0.27,0,9,1,target,0,2,4,FALSE
0.3,0,10,1,target,0,2,4,FALSE
0.33,0,11,1,target,0,2,4,FALSE
0.36,0,12,1,target,0,2,1,FALSE
0.39,0,13,1,target,0,2,1,FALSE
0.42,0,14,1,target,0,2,1,FALSE
0.45,0,15,1,target,0,2,1,FALSE
0,1,0,1,target,0,2,3,FALSE
0.03,1,1,1,target,0,2,3,FALSE
0.06,1,2,1,target,0,2,3,FALSE
0.09,1,3,1,target,0,2,3,FALSE
0.12,1,4,1,target,0,2,2,FALSE
0.15,1,5,1,target,0,2,2,FALSE
0.18,1,6,1,target,0,2,2,FALSE
0.21,1,7,1,target,0,2,2,FALSE
0.24,1,8,1,target,0,2,3,FALSE
0.27,1,9,1,target,0,2,3,FALSE
0.3,1,10,1,target,0,2,3,FALSE
0.33,1,11,1,target,0,2,3,FALSE
0.36,1,12,1,target,0,2,2,FALSE
0.39,1,13,1,target,0,2,2,FALSE
0.42,1,14,1,target,0,2,2,FALSE
0.45,1,15,1,target,0,2,2,FALSE
0.48,2,0,1,target,1,2,2,FALSE
0.51,2,1,1,target,1,2,2,FALSE
0.54,2,2,1,target,1,2,2,FALSE
0.57,2,3,1,target,1,2,2,FALSE
0.6,2,4,1,target,1,2,4,FALSE
0.63,2,5,1,target,1,2,4,FALSE
0.66,2,6,1,target,1,2,4,FALSE
0.69,2,7,1,target,1,2,4,FALSE
0.72,2,8,1,target,1,2,2,FALSE
0.75,2,9,1,target,1,2,2,FALSE
0.78,2,10,1,target,1,2,2,FALSE
0.81,2,11,1,target,1,2,2,FALSE
0.84,2,12,1,target,1,2,4,FALSE
0.87,2,13,1,target,1,2,4,FALSE
0.9,2,14,1,target,1,2,4,FALSE
0.93,2,15,1,target,1,2,4,FALSE
0.48,3,0,1,target,1,2,1,FALSE
0.51,3,1,1,target,1,2,1,FALSE
0.54,3,2,1,target,1,2,1,FALSE
0.57,3,3,1,target,1,2,1,FALSE
0.6,3,4,1,target,1,2,3,FALSE
0.63,3,5,1,target,1,2,3,FALSE
0.66,3,6,1,target,1,2,3,FALSE
0.69,3,7,1,target,1,2,3,FALSE
0.72,3,8,1,target,1,2,1,FALSE
0.75,3,9,1,target,1,2,1,FALSE
0.78,3,10,1,target,1,2,1,FALSE
0.81,3,11,1,target,1,2,1,FALSE
0.84,3,12,1,target,1,2,3,FALSE
0.87,3,13,1,target,1,2,3,FALSE
0.9,3,14,1,target,1,2,3,FALSE
0.93,3,15,1,target,1,2,3,FALSE
0.96,4,0,1,target,2,2,4,TRUE
0.99,4,1,1,target,2,2,4,TRUE
1.02,4,2,1,target,2,2,4,TRUE
1.05,4,3,1,target,2,2,4,TRUE
1.08,4,4,1,target,2,2,3,TRUE
1.11,4,5,1,target,2,2,3,TRUE
1.14,4,6,1,target,2,2,3,TRUE
1.17,4,7,1,target,2,2,3,TRUE
1.2,4,8,1,target,2,2,4,TRUE
1.23,4,9,1,target,2,2,4,TRUE
1.26,4,10,1,target,2,2,4,TRUE
1.29,4,11,1,target,2,2,4,TRUE
1.32,4,12,1,target,2,2,3,TRUE
1.35,4,13,1,target,2,2,3,TRUE
1.38,4,14,1,target,2,2,3,TRUE
1.41,4,15,1,target,2,2,3,TRUE
0.96,5,0,1,target,2,2,2,TRUE
0.99,5,1,1,target,2,2,2,TRUE
1.02,5,2,1,target,2,2,2,TRUE
1.05,5,3,1,target,2,2,2,TRUE
1.08,5,4,1,target,2,2,1,TRUE
1.11,5,5,1,target,2,2,1,TRUE
1.14,5,6,1,target,2,2,1,TRUE
1.17,5,7,1,target,2,2,1,TRUE
1.2,5,8,1,target,2,2,2,TRUE
1.23,5,9,1,target,2,2,2,TRUE
1.26,5,10,1,target,2,2,2,TRUE
1.29,5,11,1,target,2,2,2,TRUE
1.32,5,12,1,target,2,2,1,TRUE
1.35,5,13,1,target,2,2,1,TRUE
1.38,5,14,1,target,2,2,1,TRUE
1.41,5,15,1,target,2,2,1,TRUE
0,0,0,2,distr1,0,1,7,FALSE
0,0,1,2,target,0,1,7,FALSE
0.03,0,2,2,target,0,1,7,FALSE
0.06,0,3,2,target,0,1,7,FALSE
0.09,0,4,2,target,0,1,5,FALSE
0.12,0,5,2,target,0,1,5,FALSE
0.15,0,6,2,target,0,1,5,FALSE
0.18,0,7,2,target,0,1,5,FALSE
0.21,0,8,2,target,0,1,7,FALSE
0.24,0,9,2,target,0,1,7,FALSE
0.27,0,10,2,target,0,1,7,FALSE
0.3,0,11,2,target,0,1,7,FALSE
0.33,0,12,2,target,0,1,5,FALSE
0.36,0,13,2,target,0,1,5,FALSE
0.39,0,14,2,target,0,1,5,FALSE
0.42,0,15,2,target,0,1,5,FALSE
0,1,0,2,target,0,1,8,FALSE
0.03,1,1,2,target,0,1,8,FALSE
0.06,1,2,2,target,0,1,8,FALSE
0.09,1,3,2,target,0,1,8,FALSE
0.12,1,4,2,target,0,1,6,FALSE
0.15,1,5,2,target,0,1,6,FALSE
0.18,1,6,2,target,0,1,6,FALSE
0.21,1,7,2,target,0,1,6,FALSE
0.24,1,8,2,target,0,1,8,FALSE
0.27,1,9,2,target,0,1,8,FALSE
0.3,1,10,2,target,0,1,8,FALSE
0.33,1,11,2,target,0,1,8,FALSE
0.36,1,12,2,target,0,1,6,FALSE
0.39,1,13,2,target,0,1,6,FALSE
0.42,1,14,2,target,0,1,6,FALSE
0.45,1,15,2,target,0,1,6,FALSE
0.45,2,0,2,target,1,1,5,FALSE
0.48,2,1,2,distr2,1,1,5,FALSE
0.48,2,2,2,target,1,1,5,FALSE
0.51,2,3,2,target,1,1,5,FALSE
0.57,2,4,2,target,1,1,6,FALSE
0.6,2,5,2,target,1,1,6,FALSE
0.63,2,6,2,target,1,1,6,FALSE
0.66,2,7,2,target,1,1,6,FALSE
0.66,2,8,2,target,1,1,5,FALSE
0.69,2,9,2,target,1,1,5,FALSE
0.72,2,10,2,target,1,1,5,FALSE
0.75,2,11,2,target,1,1,5,FALSE
0.81,2,12,2,target,1,1,6,FALSE
0.84,2,13,2,target,1,1,6,FALSE
0.87,2,14,2,target,1,1,6,FALSE
0.9,2,15,2,target,1,1,6,FALSE
0.45,3,0,2,target,1,1,7,FALSE
0.48,3,1,2,target,1,1,7,FALSE
0.51,3,2,2,target,1,1,7,FALSE
0.54,3,3,2,target,1,1,7,FALSE
0.6,3,4,2,target,1,1,8,FALSE
0.63,3,5,2,target,1,1,8,FALSE
0.66,3,6,2,distr1,1,1,8,FALSE
0.66,3,7,2,target,1,1,8,FALSE
0.66,3,8,2,target,1,1,7,FALSE
0.69,3,9,2,target,1,1,7,FALSE
0.72,3,10,2,target,1,1,7,FALSE
0.75,3,11,2,target,1,1,7,FALSE
0.81,3,12,2,target,1,1,8,FALSE
0.84,3,13,2,target,1,1,8,FALSE
0.87,3,14,2,target,1,1,8,FALSE
0.9,3,15,2,target,1,1,8,FALSE
0.93,4,0,2,target,2,1,8,TRUE
0.96,4,1,2,target,2,1,8,TRUE
0.99,4,2,2,target,2,1,8,TRUE
1.02,4,3,2,target,2,1,8,TRUE
1.02,4,4,2,target,2,1,5,TRUE
1.05,4,5,2,target,2,1,5,TRUE
1.08,4,6,2,target,2,1,5,TRUE
1.11,4,7,2,target,2,1,5,TRUE
1.17,4,8,2,target,2,1,8,TRUE
1.2,4,9,2,target,2,1,8,TRUE
1.23,4,10,2,target,2,1,8,TRUE
1.26,4,11,2,target,2,1,8,TRUE
1.26,4,12,2,target,2,1,5,TRUE
1.29,4,13,2,target,2,1,5,TRUE
1.32,4,14,2,target,2,1,5,TRUE
1.35,4,15,2,target,2,1,5,TRUE
0.9,5,0,2,target,2,1,7,TRUE
0.93,5,1,2,target,2,1,7,TRUE
0.96,5,2,2,target,2,1,7,TRUE
0.99,5,3,2,target,2,1,7,TRUE
1.05,5,4,2,target,2,1,6,TRUE
1.08,5,5,2,target,2,1,6,TRUE
1.11,5,6,2,distr1,2,1,6,TRUE
1.11,5,7,2,target,2,1,6,TRUE
1.11,5,8,2,target,2,1,7,TRUE
1.14,5,9,2,target,2,1,7,TRUE
1.17,5,10,2,target,2,1,7,TRUE
1.2,5,11,2,target,2,1,7,TRUE
1.26,5,12,2,target,2,1,6,TRUE
1.29,5,13,2,target,2,1,6,TRUE
1.32,5,14,2,target,2,1,6,TRUE
1.35,5,15,2,target,2,1,6,TRUE
0.09,0,3,3,target,0,0,9,FALSE
0,0,0,3,target,0,0,9,FALSE
0.03,0,1,3,target,0,0,9,FALSE
0.06,0,2,3,target,0,0,9,FALSE
0.12,0,4,3,distr2,0,0,12,FALSE
0.12,0,5,3,target,0,0,12,FALSE
0.15,0,6,3,target,0,0,12,FALSE
0.18,0,7,3,target,0,0,12,FALSE
0.21,0,8,3,target,0,0,9,FALSE
0.24,0,9,3,target,0,0,9,FALSE
0.27,0,10,3,target,0,0,9,FALSE
0.3,0,11,3,target,0,0,9,FALSE
0.33,0,12,3,target,0,0,12,FALSE
0.36,0,13,3,target,0,0,12,FALSE
0.39,0,14,3,target,0,0,12,FALSE
0.42,0,15,3,target,0,0,12,FALSE
0,1,0,3,target,0,0,10,FALSE
0.03,1,1,3,target,0,0,10,FALSE
0.06,1,2,3,target,0,0,10,FALSE
0.09,1,3,3,target,0,0,10,FALSE
0.12,1,4,3,target,0,0,11,FALSE
0.15,1,5,3,target,0,0,11,FALSE
0.18,1,6,3,target,0,0,11,FALSE
0.21,1,7,3,target,0,0,11,FALSE
0.24,1,8,3,target,0,0,10,FALSE
0.27,1,9,3,target,0,0,10,FALSE
0.3,1,10,3,target,0,0,10,FALSE
0.33,1,11,3,target,0,0,10,FALSE
0.36,1,12,3,target,0,0,11,FALSE
0.39,1,13,3,target,0,0,11,FALSE
0.42,1,14,3,target,0,0,11,FALSE
0.45,1,15,3,target,0,0,11,FALSE
0.45,2,0,3,distr1,1,0,12,FALSE
0.45,2,1,3,target,1,0,12,FALSE
0.48,2,2,3,target,1,0,12,FALSE
0.51,2,3,3,target,1,0,12,FALSE
0.57,2,4,3,target,1,0,11,FALSE
0.6,2,5,3,target,1,0,11,FALSE
0.63,2,6,3,target,1,0,11,FALSE
0.66,2,7,3,target,1,0,11,FALSE
0.66,2,8,3,target,1,0,12,FALSE
0.69,2,9,3,target,1,0,12,FALSE
0.72,2,10,3,target,1,0,12,FALSE
0.75,2,11,3,target,1,0,12,FALSE
0.81,2,12,3,target,1,0,11,FALSE
0.84,2,13,3,target,1,0,11,FALSE
0.87,2,14,3,target,1,0,11,FALSE
0.9,2,15,3,target,1,0,11,FALSE
0.48,3,0,3,target,1,0,10,FALSE
0.51,3,1,3,target,1,0,10,FALSE
0.54,3,2,3,target,1,0,10,FALSE
0.57,3,3,3,target,1,0,10,FALSE
0.57,3,4,3,target,1,0,9,FALSE
0.6,3,5,3,target,1,0,9,FALSE
0.63,3,6,3,target,1,0,9,FALSE
0.66,3,7,3,target,1,0,9,FALSE
0.72,3,8,3,target,1,0,10,FALSE
0.75,3,9,3,target,1,0,10,FALSE
0.78,3,10,3,target,1,0,10,FALSE
0.81,3,11,3,target,1,0,10,FALSE
0.81,3,12,3,target,1,0,9,FALSE
0.84,3,13,3,target,1,0,9,FALSE
0.87,3,14,3,target,1,0,9,FALSE
0.9,3,15,3,distr1,1,0,9,FALSE
0.93,4,0,3,target,2,0,10,TRUE
0.96,4,1,3,target,2,0,10,TRUE
0.99,4,2,3,target,2,0,10,TRUE
1.02,4,3,3,target,2,0,10,TRUE
1.02,4,4,3,target,2,0,12,TRUE
1.05,4,5,3,target,2,0,12,TRUE
1.08,4,6,3,target,2,0,12,TRUE
1.11,4,7,3,target,2,0,12,TRUE
1.17,4,8,3,target,2,0,10,TRUE
1.2,4,9,3,target,2,0,10,TRUE
1.23,4,10,3,target,2,0,10,TRUE
1.26,4,11,3,target,2,0,10,TRUE
1.26,4,12,3,target,2,0,12,TRUE
1.29,4,13,3,target,2,0,12,TRUE
1.32,4,14,3,target,2,0,12,TRUE
1.35,4,15,3,target,2,0,12,TRUE
0.9,5,0,3,target,2,0,9,TRUE
0.93,5,1,3,target,2,0,9,TRUE
0.96,5,2,3,target,2,0,9,TRUE
0.99,5,3,3,target,2,0,9,TRUE
1.05,5,4,3,target,2,0,11,TRUE
1.08,5,5,3,target,2,0,11,TRUE
1.11,5,6,3,target,2,0,11,TRUE
1.14,5,7,3,target,2,0,11,TRUE
1.14,5,8,3,target,2,0,9,TRUE
1.17,5,9,3,target,2,0,9,TRUE
1.2,5,10,3,target,2,0,9,TRUE
1.23,5,11,3,target,2,0,9,TRUE
1.29,5,12,3,target,2,0,11,TRUE
1.32,5,13,3,target,2,0,11,TRUE
1.35,5,14,3,target,2,0,11,TRUE
1.38,5,15,3,target,2,0,11,TRUE
0,0,0,4,target,0,2,15,FALSE
0.03,0,1,4,target,0,2,15,FALSE
0.06,0,2,4,target,0,2,15,FALSE
0.09,0,3,4,target,0,2,15,FALSE
0.12,0,4,4,target,0,2,13,FALSE
0.15,0,5,4,distr1,0,2,13,FALSE
0.15,0,6,4,target,0,2,13,FALSE
0.18,0,7,4,target,0,2,13,FALSE
0.21,0,8,4,target,0,2,15,FALSE
0.24,0,9,4,target,0,2,15,FALSE
0.27,0,10,4,target,0,2,15,FALSE
0.3,0,11,4,target,0,2,15,FALSE
0.33,0,12,4,target,0,2,13,FALSE
0.36,0,13,4,target,0,2,13,FALSE
0.39,0,14,4,target,0,2,13,FALSE
0.42,0,15,4,target,0,2,13,FALSE
0,1,0,4,target,0,2,16,FALSE
0.03,1,1,4,distr0,0,2,16,FALSE
0.03,1,2,4,target,0,2,16,FALSE
0.06,1,3,4,target,0,2,16,FALSE
0.09,1,4,4,target,0,2,14,FALSE
0.12,1,5,4,distr0,0,2,14,FALSE
0.12,1,6,4,target,0,2,14,FALSE
0.15,1,7,4,target,0,2,14,FALSE
0.18,1,8,4,target,0,2,16,FALSE
0.21,1,9,4,target,0,2,16,FALSE
0.24,1,10,4,distr0,0,2,16,FALSE
0.24,1,11,4,target,0,2,16,FALSE
0.27,1,12,4,target,0,2,14,FALSE
0.3,1,13,4,target,0,2,14,FALSE
0.33,1,14,4,target,0,2,14,FALSE
0.36,1,15,4,target,0,2,14,FALSE
0.39,2,0,4,target,1,2,14,FALSE
0.42,2,1,4,distr2,1,2,14,FALSE
0.42,2,2,4,target,1,2,14,FALSE
0.45,2,3,4,target,1,2,14,FALSE
0.54,2,4,4,target,1,2,15,FALSE
0.57,2,5,4,target,1,2,15,FALSE
0.6,2,6,4,target,1,2,15,FALSE
0.63,2,7,4,target,1,2,15,FALSE
0.6,2,8,4,target,1,2,14,FALSE
0.63,2,9,4,target,1,2,14,FALSE
0.66,2,10,4,target,1,2,14,FALSE
0.69,2,11,4,target,1,2,14,FALSE
0.78,2,12,4,target,1,2,15,FALSE
0.81,2,13,4,target,1,2,15,FALSE
0.84,2,14,4,target,1,2,15,FALSE
0.87,2,15,4,target,1,2,15,FALSE
0.39,3,0,4,target,1,2,16,FALSE
0.42,3,1,4,target,1,2,16,FALSE
0.45,3,2,4,target,1,2,16,FALSE
0.48,3,3,4,target,1,2,16,FALSE
0.57,3,4,4,target,1,2,13,FALSE
0.6,3,5,4,target,1,2,13,FALSE
0.63,3,6,4,target,1,2,13,FALSE
0.66,3,7,4,target,1,2,13,FALSE
0.63,3,8,4,target,1,2,16,FALSE
0.66,3,9,4,target,1,2,16,FALSE
0.69,3,10,4,target,1,2,16,FALSE
0.72,3,11,4,target,1,2,16,FALSE
0.81,3,12,4,target,1,2,13,FALSE
0.84,3,13,4,target,1,2,13,FALSE
0.87,3,14,4,target,1,2,13,FALSE
0.9,3,15,4,target,1,2,13,FALSE
0.87,4,0,4,distr0,2,2,16,TRUE
0.87,4,1,4,distr1,2,2,16,TRUE
0.87,4,2,4,target,2,2,16,TRUE
0.9,4,3,4,target,2,2,16,TRUE
0.96,4,4,4,target,2,2,15,TRUE
0.99,4,5,4,target,2,2,15,TRUE
1.02,4,6,4,target,2,2,15,TRUE
1.05,4,7,4,target,2,2,15,TRUE
1.05,4,8,4,target,2,2,16,TRUE
1.08,4,9,4,target,2,2,16,TRUE
1.11,4,10,4,target,2,2,16,TRUE
1.14,4,11,4,target,2,2,16,TRUE
1.2,4,12,4,target,2,2,15,TRUE
1.23,4,13,4,target,2,2,15,TRUE
1.26,4,14,4,target,2,2,15,TRUE
1.29,4,15,4,target,2,2,15,TRUE
0.84,5,0,4,distr2,2,2,14,TRUE
0.84,5,1,4,target,2,2,14,TRUE
0.87,5,2,4,target,2,2,14,TRUE
0.9,5,3,4,target,2,2,14,TRUE
1.02,5,4,4,distr2,2,2,13,TRUE
1.02,5,5,4,target,2,2,13,TRUE
1.05,5,6,4,target,2,2,13,TRUE
1.08,5,7,4,target,2,2,13,TRUE
1.02,5,8,4,target,2,2,14,TRUE
1.05,5,9,4,target,2,2,14,TRUE
1.08,5,10,4,distr1,2,2,14,TRUE
1.08,5,11,4,target,2,2,14,TRUE
1.2,5,12,4,target,2,2,13,TRUE
1.23,5,13,4,target,2,2,13,TRUE
1.26,5,14,4,target,2,2,13,TRUE
1.29,5,15,4,target,2,2,13,TRUE
0,0,0,5,target,0,2,18,FALSE
0.03,0,1,5,target,0,2,18,FALSE
0.06,0,2,5,distr0,0,2,18,FALSE
0.06,0,3,5,target,0,2,18,FALSE
0.09,0,4,5,target,0,2,20,FALSE
0.12,0,5,5,target,0,2,20,FALSE
0.15,0,6,5,target,0,2,20,FALSE
0.18,0,7,5,target,0,2,20,FALSE
0.21,0,8,5,distr0,0,2,18,FALSE
0.21,0,9,5,target,0,2,18,FALSE
0.24,0,10,5,target,0,2,18,FALSE
0.27,0,11,5,distr0,0,2,18,FALSE
0.27,0,12,5,distr0,0,2,20,FALSE
0.27,0,13,5,target,0,2,20,FALSE
0.3,0,14,5,target,0,2,20,FALSE
0.33,0,15,5,target,0,2,20,FALSE
0,1,0,5,distr0,0,2,19,FALSE
0,1,1,5,target,0,2,19,FALSE
0.03,1,2,5,target,0,2,19,FALSE
0.06,1,3,5,distr1,0,2,19,FALSE
0.06,1,4,5,target,0,2,17,FALSE
0.09,1,5,5,distr1,0,2,17,FALSE
0.09,1,6,5,target,0,2,17,FALSE
0.12,1,7,5,target,0,2,17,FALSE
0.15,1,8,5,target,0,2,19,FALSE
0.18,1,9,5,target,0,2,19,FALSE
0.21,1,10,5,target,0,2,19,FALSE
0.24,1,11,5,target,0,2,19,FALSE
0.27,1,12,5,target,0,2,17,FALSE
0.3,1,13,5,target,0,2,17,FALSE
0.33,1,14,5,distr1,0,2,17,FALSE
0.33,1,15,5,target,0,2,17,FALSE
0.36,2,0,5,target,1,2,20,FALSE
0.39,2,1,5,target,1,2,20,FALSE
0.42,2,2,5,target,1,2,20,FALSE
0.45,2,3,5,target,1,2,20,FALSE
0.48,2,4,5,target,1,2,17,FALSE
0.51,2,5,5,target,1,2,17,FALSE
0.54,2,6,5,distr0,1,2,17,FALSE
0.54,2,7,5,distr0,1,2,17,FALSE
0.54,2,8,5,target,1,2,20,FALSE
0.57,2,9,5,target,1,2,20,FALSE
0.6,2,10,5,target,1,2,20,FALSE
0.63,2,11,5,target,1,2,20,FALSE
0.66,2,12,5,distr0,1,2,17,FALSE
0.66,2,13,5,target,1,2,17,FALSE
0.69,2,14,5,target,1,2,17,FALSE
0.72,2,15,5,target,1,2,17,FALSE
0.36,3,0,5,target,1,2,18,FALSE
0.39,3,1,5,target,1,2,18,FALSE
0.42,3,2,5,target,1,2,18,FALSE
0.45,3,3,5,target,1,2,18,FALSE
0.48,3,4,5,target,1,2,19,FALSE
0.51,3,5,5,target,1,2,19,FALSE
0.54,3,6,5,target,1,2,19,FALSE
0.57,3,7,5,target,1,2,19,FALSE
0.6,3,8,5,target,1,2,18,FALSE
0.63,3,9,5,target,1,2,18,FALSE
0.66,3,10,5,target,1,2,18,FALSE
0.69,3,11,5,target,1,2,18,FALSE
0.72,3,12,5,target,1,2,19,FALSE
0.75,3,13,5,target,1,2,19,FALSE
0.78,3,14,5,target,1,2,19,FALSE
0.81,3,15,5,target,1,2,19,FALSE
0.75,4,0,5,target,2,2,20,TRUE
0.78,4,1,5,target,2,2,20,TRUE
0.81,4,2,5,target,2,2,20,TRUE
0.84,4,3,5,target,2,2,20,TRUE
0.96,4,4,5,target,2,2,19,TRUE
0.99,4,5,5,target,2,2,19,TRUE
1.02,4,6,5,target,2,2,19,TRUE
1.05,4,7,5,target,2,2,19,TRUE
0.99,4,8,5,target,2,2,20,TRUE
1.02,4,9,5,target,2,2,20,TRUE
1.05,4,10,5,target,2,2,20,TRUE
1.08,4,11,5,target,2,2,20,TRUE
1.2,4,12,5,target,2,2,19,TRUE
1.23,4,13,5,target,2,2,19,TRUE
1.26,4,14,5,target,2,2,19,TRUE
1.29,4,15,5,target,2,2,19,TRUE
0.75,5,0,5,distr0,2,2,17,TRUE
0.75,5,1,5,target,2,2,17,TRUE
0.78,5,2,5,target,2,2,17,TRUE
0.81,5,3,5,target,2,2,17,TRUE
0.93,5,4,5,target,2,2,18,TRUE
0.96,5,5,5,target,2,2,18,TRUE
0.99,5,6,5,target,2,2,18,TRUE
1.02,5,7,5,target,2,2,18,TRUE
0.96,5,8,5,distr2,2,2,17,TRUE
0.96,5,9,5,target,2,2,17,TRUE
0.99,5,10,5,target,2,2,17,TRUE
1.02,5,11,5,target,2,2,17,TRUE
1.14,5,12,5,target,2,2,18,TRUE
1.17,5,13,5,target,2,2,18,TRUE
1.2,5,14,5,target,2,2,18,TRUE
1.23,5,15,5,target,2,2,18,TRUE
0,0,0,6,target,0,0,23,FALSE
0.03,0,1,6,target,0,0,23,FALSE
0.06,0,2,6,target,0,0,23,FALSE
0.09,0,3,6,target,0,0,23,FALSE
0.12,0,4,6,target,0,0,28,FALSE
0.15,0,5,6,target,0,0,28,FALSE
0.18,0,6,6,target,0,0,28,FALSE
0.21,0,7,6,target,0,0,28,FALSE
0.24,0,8,6,target,0,0,23,FALSE
0.27,0,9,6,target,0,0,23,FALSE
0.3,0,10,6,target,0,0,23,FALSE
0.33,0,11,6,target,0,0,23,FALSE
0.36,0,12,6,target,0,0,28,FALSE
0.39,0,13,6,target,0,0,28,FALSE
0.42,0,14,6,target,0,0,28,FALSE
0.45,0,15,6,target,0,0,28,FALSE
0,1,0,6,target,0,0,22,FALSE
0.03,1,1,6,target,0,0,22,FALSE
0.06,1,2,6,target,0,0,22,FALSE
0.09,1,3,6,target,0,0,22,FALSE
0.12,1,4,6,distr1,0,0,21,FALSE
0.12,1,5,6,target,0,0,21,FALSE
0.15,1,6,6,target,0,0,21,FALSE
0.18,1,7,6,target,0,0,21,FALSE
0.21,1,8,6,target,0,0,22,FALSE
0.24,1,9,6,target,0,0,22,FALSE
0.27,1,10,6,target,0,0,22,FALSE
0.3,1,11,6,target,0,0,22,FALSE
0.33,1,12,6,target,0,0,21,FALSE
0.36,1,13,6,target,0,0,21,FALSE
0.39,1,14,6,target,0,0,21,FALSE
0.42,1,15,6,distr1,0,0,21,FALSE
0.42,2,0,6,target,1,0,22,FALSE
0.45,2,1,6,target,1,0,22,FALSE
0.48,2,2,6,target,1,0,22,FALSE
0.51,2,3,6,target,1,0,22,FALSE
0.6,2,4,6,target,1,0,23,FALSE
0.63,2,5,6,target,1,0,23,FALSE
0.66,2,6,6,target,1,0,23,FALSE
0.69,2,7,6,target,1,0,23,FALSE
0.66,2,8,6,target,1,0,22,FALSE
0.69,2,9,6,target,1,0,22,FALSE
0.72,2,10,6,target,1,0,22,FALSE
0.84,2,12,6,target,1,0,23,FALSE
0.75,2,11,6,target,1,0,22,FALSE
0.87,2,13,6,target,1,0,23,FALSE
0.9,2,14,6,target,1,0,23,FALSE
0.93,2,15,6,target,1,0,23,FALSE
0.48,3,0,6,distr0,1,0,28,FALSE
0.48,3,1,6,target,1,0,28,FALSE
0.51,3,2,6,target,1,0,28,FALSE
0.54,3,3,6,target,1,0,28,FALSE
0.51,3,4,6,target,1,0,21,FALSE
0.54,3,5,6,target,1,0,21,FALSE
0.57,3,6,6,target,1,0,21,FALSE
0.6,3,7,6,target,1,0,21,FALSE
0.69,3,8,6,target,1,0,28,FALSE
0.72,3,9,6,target,1,0,28,FALSE
0.75,3,12,6,target,1,0,21,FALSE
0.75,3,10,6,target,1,0,28,FALSE
0.78,3,11,6,target,1,0,28,FALSE
0.78,3,13,6,target,1,0,21,FALSE
0.81,3,14,6,target,1,0,21,FALSE
0.84,3,15,6,target,1,0,21,FALSE
0.99,4,1,6,target,2,0,23,TRUE
0.96,4,0,6,target,2,0,23,TRUE
1.02,4,2,6,target,2,0,23,TRUE
1.02,4,5,6,target,2,0,21,TRUE
1.05,4,3,6,target,2,0,23,TRUE
0.99,4,4,6,target,2,0,21,TRUE
1.05,4,6,6,target,2,0,21,TRUE
1.08,4,7,6,target,2,0,21,TRUE
1.23,4,9,6,target,2,0,23,TRUE
1.26,4,10,6,target,2,0,23,TRUE
1.2,4,8,6,target,2,0,23,TRUE
1.29,4,11,6,target,2,0,23,TRUE
1.23,4,12,6,target,2,0,21,TRUE
1.26,4,13,6,target,2,0,21,TRUE
1.29,4,14,6,target,2,0,21,TRUE
1.32,4,15,6,target,2,0,21,TRUE
0.9,5,0,6,target,2,0,22,TRUE
0.93,5,1,6,target,2,0,22,TRUE
0.96,5,2,6,target,2,0,22,TRUE
0.99,5,3,6,target,2,0,22,TRUE
1.14,5,7,6,target,2,0,28,TRUE
1.14,5,8,6,target,2,0,22,TRUE
1.17,5,9,6,target,2,0,22,TRUE
1.05,5,4,6,target,2,0,28,TRUE
1.08,5,5,6,target,2,0,28,TRUE
1.11,5,6,6,target,2,0,28,TRUE
1.2,5,10,6,target,2,0,22,TRUE
1.29,5,12,6,target,2,0,28,TRUE
1.35,5,14,6,target,2,0,28,TRUE
1.23,5,11,6,target,2,0,22,TRUE
1.32,5,13,6,target,2,0,28,TRUE
1.38,5,15,6,target,2,0,28,TRUE
0,0,0,7,target,0,0,27,FALSE
0.03,0,1,7,target,0,0,27,FALSE
0.06,0,2,7,target,0,0,27,FALSE
0.09,0,3,7,distr0,0,0,27,FALSE
0.09,0,4,7,target,0,0,32,FALSE
0.12,0,5,7,target,0,0,32,FALSE
0.15,0,6,7,target,0,0,32,FALSE
0.18,0,7,7,target,0,0,32,FALSE
0.21,0,8,7,target,0,0,27,FALSE
0.24,0,9,7,target,0,0,27,FALSE
0.27,0,10,7,target,0,0,27,FALSE
0.3,0,11,7,target,0,0,27,FALSE
0.33,0,12,7,target,0,0,32,FALSE
0.36,0,13,7,target,0,0,32,FALSE
0.39,0,14,7,target,0,0,32,FALSE
0.42,0,15,7,target,0,0,32,FALSE
0,1,0,7,target,0,0,26,FALSE
0.03,1,1,7,target,0,0,26,FALSE
0.06,1,2,7,target,0,0,26,FALSE
0.09,1,3,7,target,0,0,26,FALSE
0.12,1,4,7,target,0,0,25,FALSE
0.15,1,5,7,target,0,0,25,FALSE
0.18,1,6,7,target,0,0,25,FALSE
0.21,1,7,7,target,0,0,25,FALSE
0.24,1,8,7,target,0,0,26,FALSE
0.27,1,9,7,target,0,0,26,FALSE
0.3,1,10,7,target,0,0,26,FALSE
0.33,1,11,7,target,0,0,26,FALSE
0.36,1,12,7,target,0,0,25,FALSE
0.39,1,13,7,target,0,0,25,FALSE
0.42,1,14,7,target,0,0,25,FALSE
0.45,1,15,7,target,0,0,25,FALSE
0.48,2,0,7,target,1,0,26,FALSE
0.57,2,3,7,target,1,0,26,FALSE
0.51,2,1,7,target,1,0,26,FALSE
0.54,2,2,7,target,1,0,26,FALSE
0.57,2,4,7,target,1,0,27,FALSE
0.6,2,5,7,target,1,0,27,FALSE
0.63,2,6,7,target,1,0,27,FALSE
0.66,2,7,7,target,1,0,27,FALSE
0.75,2,9,7,target,1,0,26,FALSE
0.72,2,8,7,target,1,0,26,FALSE
0.78,2,10,7,target,1,0,26,FALSE
0.81,2,12,7,target,1,0,27,FALSE
0.87,2,14,7,target,1,0,27,FALSE
0.81,2,11,7,target,1,0,26,FALSE
0.84,2,13,7,target,1,0,27,FALSE
0.9,2,15,7,target,1,0,27,FALSE
0.48,3,0,7,target,1,0,25,FALSE
0.51,3,1,7,target,1,0,25,FALSE
0.54,3,2,7,target,1,0,25,FALSE
0.57,3,3,7,target,1,0,25,FALSE
0.57,3,4,7,target,1,0,32,FALSE
0.6,3,5,7,target,1,0,32,FALSE
0.72,3,8,7,target,1,0,25,FALSE
0.63,3,6,7,target,1,0,32,FALSE
0.66,3,7,7,target,1,0,32,FALSE
0.78,3,10,7,target,1,0,25,FALSE
0.75,3,9,7,target,1,0,25,FALSE
0.81,3,11,7,target,1,0,25,FALSE
0.81,3,12,7,target,1,0,32,FALSE
0.84,3,13,7,target,1,0,32,FALSE
0.9,3,15,7,target,1,0,32,FALSE
0.87,3,14,7,target,1,0,32,FALSE
0.93,4,0,7,target,2,0,27,TRUE
0.96,4,1,7,target,2,0,27,TRUE
1.02,4,3,7,target,2,0,27,TRUE
1.08,4,4,7,target,2,0,25,TRUE
0.99,4,2,7,target,2,0,27,TRUE
1.11,4,5,7,target,2,0,25,TRUE
1.14,4,6,7,target,2,0,25,TRUE
1.17,4,7,7,target,2,0,25,TRUE
1.2,4,9,7,target,2,0,27,TRUE
1.23,4,10,7,target,2,0,27,TRUE
1.17,4,8,7,target,2,0,27,TRUE
1.26,4,11,7,target,2,0,27,TRUE
1.35,4,13,7,target,2,0,25,TRUE
1.38,4,14,7,target,2,0,25,TRUE
1.32,4,12,7,target,2,0,25,TRUE
1.41,4,15,7,target,2,0,25,TRUE
0.93,5,0,7,target,2,0,32,TRUE
0.96,5,1,7,target,2,0,32,TRUE
0.99,5,2,7,target,2,0,32,TRUE
1.08,5,4,7,target,2,0,26,TRUE
1.02,5,3,7,target,2,0,32,TRUE
1.11,5,5,7,target,2,0,26,TRUE
1.14,5,6,7,target,2,0,26,TRUE
1.17,5,7,7,target,2,0,26,TRUE
1.17,5,8,7,target,2,0,32,TRUE
1.2,5,9,7,target,2,0,32,TRUE
1.23,5,10,7,target,2,0,32,TRUE
1.35,5,13,7,target,2,0,26,TRUE
1.26,5,11,7,target,2,0,32,TRUE
1.32,5,12,7,target,2,0,26,TRUE
1.38,5,14,7,target,2,0,26,TRUE
1.41,5,15,7,target,2,0,26,TRUE
0,0,0,8,target,0,0,36,FALSE
0.03,0,1,8,target,0,0,36,FALSE
0.06,0,2,8,target,0,0,36,FALSE
0.09,0,3,8,target,0,0,36,FALSE
0.12,0,4,8,target,0,0,31,FALSE
0.15,0,5,8,target,0,0,31,FALSE
0.18,0,6,8,target,0,0,31,FALSE
0,1,0,8,target,0,0,29,FALSE
0.03,1,1,8,target,0,0,29,FALSE
0.06,1,2,8,target,0,0,29,FALSE
0.09,1,3,8,distr1,0,0,29,FALSE
0.09,1,4,8,target,0,0,30,FALSE
0.12,1,5,8,target,0,0,30,FALSE
0.15,1,6,8,target,0,0,30,FALSE
0.18,1,7,8,target,0,0,30,FALSE
0.21,1,8,8,target,0,0,29,FALSE
0.24,1,9,8,target,0,0,29,FALSE
0.27,1,10,8,target,0,0,29,FALSE
0.3,1,11,8,target,0,0,29,FALSE
0.33,1,12,8,target,0,0,30,FALSE
0.36,1,13,8,target,0,0,30,FALSE
0.39,1,14,8,target,0,0,30,FALSE
0.42,1,15,8,target,0,0,30,FALSE
0,0,0,9,distr0,0,0,35,FALSE
0,0,1,9,target,0,0,35,FALSE
0.03,0,2,9,target,0,0,35,FALSE
0.06,0,3,9,target,0,0,35,FALSE
0.09,0,4,9,target,0,0,40,FALSE
0.12,0,5,9,target,0,0,40,FALSE
0.15,0,6,9,target,0,0,40,FALSE
0.18,0,7,9,target,0,0,40,FALSE
0.21,0,8,9,target,0,0,35,FALSE
0.24,0,9,9,target,0,0,35,FALSE
0.27,0,10,9,target,0,0,35,FALSE
0.3,0,11,9,target,0,0,35,FALSE
0.33,0,12,9,target,0,0,40,FALSE
0.36,0,13,9,target,0,0,40,FALSE
0.39,0,14,9,target,0,0,40,FALSE
0.42,0,15,9,target,0,0,40,FALSE
0,1,0,9,target,0,0,34,FALSE
0.03,1,1,9,target,0,0,34,FALSE
0.06,1,2,9,distr1,0,0,34,FALSE
0.06,1,3,9,target,0,0,34,FALSE
0.09,1,4,9,target,0,0,33,FALSE
0.12,1,5,9,target,0,0,33,FALSE
0.15,1,6,9,target,0,0,33,FALSE
0.18,1,7,9,target,0,0,33,FALSE
0.21,1,8,9,target,0,0,34,FALSE
0.24,1,9,9,target,0,0,34,FALSE
0.27,1,10,9,target,0,0,34,FALSE
0.3,1,11,9,target,0,0,34,FALSE
0.33,1,12,9,target,0,0,33,FALSE
0.36,1,13,9,target,0,0,33,FALSE
0.39,1,14,9,target,0,0,33,FALSE
0.42,1,15,9,target,0,0,33,FALSE
0.45,2,0,9,distr0,1,0,33,FALSE
0.45,2,1,9,target,1,0,33,FALSE
0.51,2,3,9,target,1,0,33,FALSE
0.48,2,2,9,target,1,0,33,FALSE
0.54,2,4,9,target,1,0,35,FALSE
0.57,2,5,9,target,1,0,35,FALSE
0.6,2,6,9,distr1,1,0,35,FALSE
0.6,2,7,9,target,1,0,35,FALSE
0.63,2,8,9,target,1,0,33,FALSE
0.66,2,9,9,target,1,0,33,FALSE
0.69,2,10,9,target,1,0,33,FALSE
0.72,2,11,9,distr1,1,0,33,FALSE
0.72,2,12,9,target,1,0,35,FALSE
0.75,2,13,9,target,1,0,35,FALSE
0.78,2,14,9,distr0,1,0,35,FALSE
0.78,2,15,9,distr0,1,0,35,FALSE
0.45,3,0,9,target,1,0,34,FALSE
0.48,3,1,9,target,1,0,34,FALSE
0.51,3,2,9,target,1,0,34,FALSE
0.57,3,4,9,target,1,0,40,FALSE
0.63,3,6,9,target,1,0,40,FALSE
0.54,3,3,9,target,1,0,34,FALSE
0.6,3,5,9,target,1,0,40,FALSE
0.69,3,8,9,target,1,0,34,FALSE
0.66,3,7,9,target,1,0,40,FALSE
0.72,3,9,9,target,1,0,34,FALSE
0.75,3,10,9,target,1,0,34,FALSE
0.78,3,11,9,target,1,0,34,FALSE
0.81,3,12,9,target,1,0,40,FALSE
0.87,3,14,9,target,1,0,40,FALSE
0.84,3,13,9,target,1,0,40,FALSE
0.9,3,15,9,target,1,0,40,FALSE
0.78,4,0,9,target,2,0,35,TRUE
0.81,4,1,9,target,2,0,35,TRUE
0.87,4,3,9,target,2,0,35,TRUE
0.84,4,2,9,target,2,0,35,TRUE
1.05,4,4,9,target,2,0,34,TRUE
1.08,4,5,9,target,2,0,34,TRUE
1.11,4,6,9,target,2,0,34,TRUE
1.02,4,8,9,target,2,0,35,TRUE
1.14,4,7,9,target,2,0,34,TRUE
1.08,4,10,9,target,2,0,35,TRUE
1.05,4,9,9,target,2,0,35,TRUE
1.11,4,11,9,target,2,0,35,TRUE
1.29,4,12,9,target,2,0,34,TRUE
1.32,4,13,9,target,2,0,34,TRUE
1.35,4,14,9,target,2,0,34,TRUE
1.38,4,15,9,target,2,0,34,TRUE
0.78,5,0,9,target,2,0,33,TRUE
0.81,5,1,9,target,2,0,33,TRUE
0.84,5,2,9,target,2,0,33,TRUE
0.87,5,3,9,target,2,0,33,TRUE
1.08,5,5,9,target,2,0,40,TRUE
1.05,5,4,9,target,2,0,40,TRUE
1.11,5,6,9,target,2,0,40,TRUE
1.14,5,7,9,distr1,2,0,40,TRUE
0.99,5,8,9,target,2,0,33,TRUE
1.08,5,11,9,target,2,0,33,TRUE
1.02,5,9,9,target,2,0,33,TRUE
1.05,5,10,9,target,2,0,33,TRUE
1.35,5,15,9,target,2,0,40,TRUE
1.26,5,12,9,target,2,0,40,TRUE
1.29,5,13,9,target,2,0,40,TRUE
1.32,5,14,9,target,2,0,40,TRUE
0,0,0,12,target,0,2,45,FALSE
0.03,0,1,12,target,0,2,45,FALSE
0.06,0,2,12,target,0,2,45,FALSE
0.09,0,3,12,target,0,2,45,FALSE
0.12,0,4,12,target,0,2,41,FALSE
0.15,0,5,12,target,0,2,41,FALSE
0.18,0,6,12,target,0,2,41,FALSE
0.21,0,7,12,target,0,2,41,FALSE
0.24,0,8,12,target,0,2,45,FALSE
0.27,0,9,12,target,0,2,45,FALSE
0.3,0,10,12,target,0,2,45,FALSE
0.33,0,11,12,target,0,2,45,FALSE
0.39,0,13,12,target,0,2,41,FALSE
0.42,0,14,12,target,0,2,41,FALSE
0.36,0,12,12,target,0,2,41,FALSE
0.45,0,15,12,target,0,2,41,FALSE
0,1,0,12,distr0,0,2,47,FALSE
0,1,1,12,target,0,2,47,FALSE
0.03,1,2,12,target,0,2,47,FALSE
0.12,1,5,12,target,0,2,46,FALSE
0.06,1,3,12,target,0,2,47,FALSE
0.09,1,4,12,target,0,2,46,FALSE
0.15,1,6,12,target,0,2,46,FALSE
0.18,1,7,12,target,0,2,46,FALSE
0.21,1,8,12,target,0,2,47,FALSE
0.24,1,9,12,target,0,2,47,FALSE
0.27,1,10,12,target,0,2,47,FALSE
0.3,1,11,12,target,0,2,47,FALSE
0.33,1,12,12,target,0,2,46,FALSE
0.36,1,13,12,target,0,2,46,FALSE
0.39,1,14,12,target,0,2,46,FALSE
0.42,1,15,12,target,0,2,46,FALSE
0.45,2,0,12,target,1,2,47,FALSE
0.48,2,1,12,target,1,2,47,FALSE
0.51,2,2,12,target,1,2,47,FALSE
0.6,2,4,12,target,1,2,41,FALSE
0.54,2,3,12,target,1,2,47,FALSE
0.63,2,5,12,target,1,2,41,FALSE
0.66,2,6,12,target,1,2,41,FALSE
0.69,2,7,12,target,1,2,41,FALSE
0.69,2,8,12,target,1,2,47,FALSE
0.75,2,10,12,target,1,2,47,FALSE
0.78,2,11,12,target,1,2,47,FALSE
0.87,2,13,12,target,1,2,41,FALSE
0.9,2,14,12,target,1,2,41,FALSE
0.84,2,12,12,target,1,2,41,FALSE
0.93,2,15,12,target,1,2,41,FALSE
0.72,2,9,12,target,1,2,47,FALSE
0.45,3,0,12,target,1,2,46,FALSE
0.48,3,1,12,target,1,2,46,FALSE
0.51,3,2,12,target,1,2,46,FALSE
0.63,3,5,12,target,1,2,45,FALSE
0.6,3,4,12,target,1,2,45,FALSE
0.54,3,3,12,target,1,2,46,FALSE
0.66,3,6,12,target,1,2,45,FALSE
0.69,3,7,12,target,1,2,45,FALSE
0.72,3,9,12,target,1,2,46,FALSE
0.84,3,12,12,target,1,2,45,FALSE
0.87,3,13,12,target,1,2,45,FALSE
0.69,3,8,12,target,1,2,46,FALSE
0.75,3,10,12,target,1,2,46,FALSE
0.78,3,11,12,target,1,2,46,FALSE
0.9,3,14,12,target,1,2,45,FALSE
0.93,3,15,12,target,1,2,45,FALSE
0.96,4,1,12,target,2,2,46,TRUE
1.02,4,3,12,target,2,2,46,TRUE
0.93,4,0,12,target,2,2,46,TRUE
0.99,4,2,12,target,2,2,46,TRUE
1.08,4,4,12,target,2,2,41,TRUE
1.11,4,5,12,target,2,2,41,TRUE
1.14,4,6,12,target,2,2,41,TRUE
1.17,4,7,12,target,2,2,41,TRUE
1.32,4,12,12,target,2,2,41,TRUE
1.35,4,13,12,target,2,2,41,TRUE
1.2,4,9,12,target,2,2,46,TRUE
1.26,4,11,12,target,2,2,46,TRUE
1.38,4,14,12,target,2,2,41,TRUE
1.17,4,8,12,target,2,2,46,TRUE
1.23,4,10,12,target,2,2,46,TRUE
1.41,4,15,12,target,2,2,41,TRUE
1.08,5,4,12,target,2,2,45,TRUE
0.93,5,0,12,target,2,2,47,TRUE
0.96,5,1,12,target,2,2,47,TRUE
0.99,5,2,12,target,2,2,47,TRUE
1.02,5,3,12,target,2,2,47,TRUE
1.11,5,5,12,target,2,2,45,TRUE
1.14,5,6,12,target,2,2,45,TRUE
1.17,5,7,12,distr0,2,2,45,TRUE
1.23,5,11,12,target,2,2,47,TRUE
1.14,5,8,12,target,2,2,47,TRUE
1.2,5,10,12,target,2,2,47,TRUE
1.17,5,9,12,target,2,2,47,TRUE
1.29,5,12,12,target,2,2,45,TRUE
1.32,5,13,12,target,2,2,45,TRUE
1.35,5,14,12,target,2,2,45,TRUE
1.38,5,15,12,target,2,2,45,TRUE
0,0,0,13,target,0,1,52,FALSE
0.03,0,1,13,target,0,1,52,FALSE
0.06,0,2,13,target,0,1,52,FALSE
0.09,0,3,13,target,0,1,52,FALSE
0.15,0,5,13,target,0,1,51,FALSE
0.12,0,4,13,target,0,1,51,FALSE
0.18,0,6,13,target,0,1,51,FALSE
0.24,0,8,13,target,0,1,52,FALSE
0.21,0,7,13,target,0,1,51,FALSE
0.27,0,9,13,target,0,1,52,FALSE
0.33,0,11,13,target,0,1,52,FALSE
0.3,0,10,13,target,0,1,52,FALSE
0.36,0,12,13,target,0,1,51,FALSE
0.45,0,15,13,target,0,1,51,FALSE
0.39,0,13,13,target,0,1,51,FALSE
0.42,0,14,13,target,0,1,51,FALSE
0,1,0,13,distr2,0,1,50,FALSE
0,1,1,13,target,0,1,50,FALSE
0.03,1,2,13,target,0,1,50,FALSE
0.09,1,4,13,target,0,1,49,FALSE
0.12,1,5,13,target,0,1,49,FALSE
0.06,1,3,13,target,0,1,50,FALSE
0.15,1,6,13,target,0,1,49,FALSE
0.18,1,7,13,target,0,1,49,FALSE
0.21,1,8,13,target,0,1,50,FALSE
0.24,1,9,13,target,0,1,50,FALSE
0.27,1,10,13,target,0,1,50,FALSE
0.3,1,11,13,target,0,1,50,FALSE
0.36,1,13,13,target,0,1,49,FALSE
0.33,1,12,13,target,0,1,49,FALSE
0.39,1,14,13,target,0,1,49,FALSE
0.42,1,15,13,target,0,1,49,FALSE
0.45,2,1,13,target,1,1,50,FALSE
0.45,2,0,13,distr2,1,1,50,FALSE
0.48,2,2,13,target,1,1,50,FALSE
0.51,2,3,13,target,1,1,50,FALSE
0.63,2,6,13,target,1,1,51,FALSE
0.57,2,4,13,target,1,1,51,FALSE
0.6,2,5,13,target,1,1,51,FALSE
0.66,2,7,13,target,1,1,51,FALSE
0.69,2,10,13,target,1,1,50,FALSE
0.66,2,8,13,distr2,1,1,50,FALSE
0.81,2,13,13,target,1,1,51,FALSE
0.87,2,15,13,target,1,1,51,FALSE
0.66,2,9,13,target,1,1,50,FALSE
0.72,2,11,13,target,1,1,50,FALSE
0.78,2,12,13,target,1,1,51,FALSE
0.84,2,14,13,target,1,1,51,FALSE
0.45,3,0,13,distr0,1,1,49,FALSE
0.45,3,1,13,target,1,1,49,FALSE
0.48,3,2,13,target,1,1,49,FALSE
0.57,3,4,13,target,1,1,52,FALSE
0.51,3,3,13,target,1,1,49,FALSE
0.6,3,5,13,target,1,1,52,FALSE
0.63,3,6,13,target,1,1,52,FALSE
0.66,3,7,13,target,1,1,52,FALSE
0.66,3,8,13,target,1,1,49,FALSE
0.69,3,9,13,target,1,1,49,FALSE
0.87,3,14,13,target,1,1,52,FALSE
0.9,3,15,13,target,1,1,52,FALSE
0.72,3,10,13,target,1,1,49,FALSE
0.75,3,11,13,target,1,1,49,FALSE
0.84,3,13,13,target,1,1,52,FALSE
0.81,3,12,13,target,1,1,52,FALSE
0.9,4,0,13,target,2,1,51,TRUE
0.93,4,1,13,target,2,1,51,TRUE
0.96,4,2,13,target,2,1,51,TRUE
0.99,4,3,13,target,2,1,51,TRUE
1.02,4,4,13,target,2,1,49,TRUE
1.14,4,8,13,target,2,1,51,TRUE
1.17,4,9,13,target,2,1,51,TRUE
1.05,4,5,13,target,2,1,49,TRUE
1.23,4,11,13,target,2,1,51,TRUE
1.26,4,12,13,target,2,1,49,TRUE
1.08,4,6,13,target,2,1,49,TRUE
1.11,4,7,13,target,2,1,49,TRUE
1.2,4,10,13,target,2,1,51,TRUE
1.29,4,13,13,target,2,1,49,TRUE
1.32,4,14,13,target,2,1,49,TRUE
1.35,4,15,13,target,2,1,49,TRUE
0.87,5,0,13,target,2,1,50,TRUE
0.9,5,1,13,target,2,1,50,TRUE
1.05,5,4,13,target,2,1,52,TRUE
0.96,5,3,13,target,2,1,50,TRUE
1.08,5,5,13,target,2,1,52,TRUE
1.11,5,6,13,target,2,1,52,TRUE
0.93,5,2,13,target,2,1,50,TRUE
1.14,5,7,13,target,2,1,52,TRUE
1.14,5,9,13,target,2,1,50,TRUE
1.17,5,10,13,target,2,1,50,TRUE
1.11,5,8,13,target,2,1,50,TRUE
1.2,5,11,13,target,2,1,50,TRUE
1.29,5,12,13,target,2,1,52,TRUE
1.32,5,13,13,target,2,1,52,TRUE
1.35,5,14,13,target,2,1,52,TRUE
1.38,5,15,13,target,2,1,52,TRUE
0,0,0,16,target,0,2,59,FALSE
0.03,0,1,16,target,0,2,59,FALSE
0.09,0,3,16,target,0,2,59,FALSE
0.12,0,4,16,target,0,2,63,FALSE
0.18,0,6,16,target,0,2,63,FALSE
0.06,0,2,16,target,0,2,59,FALSE
0.15,0,5,16,target,0,2,63,FALSE
0.21,0,7,16,target,0,2,63,FALSE
0.24,0,8,16,target,0,2,59,FALSE
0.27,0,9,16,target,0,2,59,FALSE
0.3,0,10,16,target,0,2,59,FALSE
0.33,0,11,16,target,0,2,59,FALSE
0.39,0,13,16,target,0,2,63,FALSE
0.36,0,12,16,target,0,2,63,FALSE
0.42,0,14,16,target,0,2,63,FALSE
0.45,0,15,16,target,0,2,63,FALSE
0,1,0,16,target,0,2,62,FALSE
0.03,1,1,16,target,0,2,62,FALSE
0.06,1,2,16,target,0,2,62,FALSE
0.09,1,3,16,target,0,2,62,FALSE
0.12,1,4,16,target,0,2,64,FALSE
0.27,1,9,16,target,0,2,62,FALSE
0.15,1,5,16,target,0,2,64,FALSE
0.18,1,6,16,target,0,2,64,FALSE
0.21,1,7,16,target,0,2,64,FALSE
0.24,1,8,16,target,0,2,62,FALSE
0.3,1,10,16,target,0,2,62,FALSE
0.33,1,11,16,target,0,2,62,FALSE
0.36,1,12,16,target,0,2,64,FALSE
0.45,1,15,16,target,0,2,64,FALSE
0.39,1,13,16,target,0,2,64,FALSE
0.42,1,14,16,target,0,2,64,FALSE
0.48,2,0,16,target,1,2,64,FALSE
0.51,2,1,16,target,1,2,64,FALSE
0.54,2,2,16,target,1,2,64,FALSE
0.57,2,3,16,target,1,2,64,FALSE
0.6,2,4,16,target,1,2,59,FALSE
0.69,2,7,16,target,1,2,59,FALSE
0.63,2,5,16,target,1,2,59,FALSE
0.66,2,6,16,target,1,2,59,FALSE
0.72,2,8,16,target,1,2,64,FALSE
0.84,2,12,16,target,1,2,59,FALSE
0.75,2,9,16,target,1,2,64,FALSE
0.78,2,10,16,target,1,2,64,FALSE
0.81,2,11,16,target,1,2,64,FALSE
0.87,2,13,16,target,1,2,59,FALSE
0.9,2,14,16,target,1,2,59,FALSE
0.93,2,15,16,target,1,2,59,FALSE
0.48,3,0,16,target,1,2,62,FALSE
0.51,3,1,16,target,1,2,62,FALSE
0.54,3,2,16,target,1,2,62,FALSE
0.57,3,3,16,target,1,2,62,FALSE
0.6,3,4,16,target,1,2,63,FALSE
0.63,3,5,16,distr0,1,2,63,FALSE
0.63,3,6,16,target,1,2,63,FALSE
0.66,3,7,16,target,1,2,63,FALSE
0.72,3,9,16,target,1,2,62,FALSE
0.69,3,8,16,target,1,2,62,FALSE
0.81,3,12,16,target,1,2,63,FALSE
0.9,3,15,16,target,1,2,63,FALSE
0.87,3,14,16,target,1,2,63,FALSE
0.75,3,10,16,target,1,2,62,FALSE
0.78,3,11,16,target,1,2,62,FALSE
0.84,3,13,16,target,1,2,63,FALSE
0.96,4,0,16,target,2,2,59,TRUE
1.02,4,2,16,target,2,2,59,TRUE
0.99,4,1,16,target,2,2,59,TRUE
1.05,4,3,16,target,2,2,59,TRUE
1.05,4,4,16,target,2,2,62,TRUE
1.08,4,5,16,target,2,2,62,TRUE
1.11,4,6,16,target,2,2,62,TRUE
1.14,4,7,16,target,2,2,62,TRUE
1.2,4,8,16,target,2,2,59,TRUE
1.23,4,9,16,target,2,2,59,TRUE
1.32,4,13,16,target,2,2,62,TRUE
1.26,4,10,16,target,2,2,59,TRUE
1.29,4,11,16,target,2,2,59,TRUE
1.29,4,12,16,target,2,2,62,TRUE
1.38,4,15,16,target,2,2,62,TRUE
1.35,4,14,16,target,2,2,62,TRUE
0.99,5,1,16,target,2,2,64,TRUE
0.96,5,0,16,target,2,2,64,TRUE
1.02,5,2,16,target,2,2,64,TRUE
1.05,5,3,16,target,2,2,64,TRUE
1.05,5,4,16,target,2,2,63,TRUE
1.08,5,5,16,target,2,2,63,TRUE
1.11,5,6,16,target,2,2,63,TRUE
1.14,5,7,16,target,2,2,63,TRUE
1.2,5,8,16,target,2,2,64,TRUE
1.23,5,9,16,target,2,2,64,TRUE
1.26,5,10,16,target,2,2,64,TRUE
1.29,5,12,16,target,2,2,63,TRUE
1.32,5,13,16,target,2,2,63,TRUE
1.29,5,11,16,target,2,2,64,TRUE
1.35,5,14,16,target,2,2,63,TRUE
1.38,5,15,16,target,2,2,63,TRUE
0,0,0,17,target,0,2,67,FALSE
0.03,0,1,17,target,0,2,67,FALSE
0.06,0,2,17,target,0,2,67,FALSE
0.09,0,3,17,target,0,2,67,FALSE
0.12,0,4,17,distr2,0,2,66,FALSE
0.15,0,6,17,distr1,0,2,66,FALSE
0.12,0,5,17,target,0,2,66,FALSE
0.15,0,7,17,target,0,2,66,FALSE
0.18,0,8,17,target,0,2,67,FALSE
0.21,0,9,17,target,0,2,67,FALSE
0.24,0,10,17,target,0,2,67,FALSE
0.27,0,11,17,target,0,2,67,FALSE
0.3,0,12,17,distr1,0,2,66,FALSE
0.3,0,13,17,target,0,2,66,FALSE
0.33,0,14,17,target,0,2,66,FALSE
0.36,0,15,17,target,0,2,66,FALSE
0,1,0,17,target,0,2,65,FALSE
0.03,1,1,17,target,0,2,65,FALSE
0.06,1,2,17,target,0,2,65,FALSE
0.12,1,4,17,target,0,2,68,FALSE
0.09,1,3,17,target,0,2,65,FALSE
0.18,1,6,17,target,0,2,68,FALSE
0.15,1,5,17,target,0,2,68,FALSE
0.21,1,7,17,target,0,2,68,FALSE
0.24,1,8,17,target,0,2,65,FALSE
0.27,1,9,17,target,0,2,65,FALSE
0.33,1,11,17,target,0,2,65,FALSE
0.3,1,10,17,target,0,2,65,FALSE
0.39,1,13,17,target,0,2,68,FALSE
0.36,1,12,17,target,0,2,68,FALSE
0.45,1,15,17,target,0,2,68,FALSE
0.42,1,14,17,target,0,2,68,FALSE
0.39,2,0,17,target,1,2,67,FALSE
0.42,2,1,17,target,1,2,67,FALSE
0.45,2,2,17,target,1,2,67,FALSE
0.6,2,4,17,target,1,2,68,FALSE
0.66,2,6,17,target,1,2,68,FALSE
0.48,2,3,17,target,1,2,67,FALSE
0.63,2,5,17,target,1,2,68,FALSE
0.69,2,7,17,target,1,2,68,FALSE
0.63,2,8,17,target,1,2,67,FALSE
0.66,2,9,17,target,1,2,67,FALSE
0.69,2,10,17,target,1,2,67,FALSE
0.72,2,11,17,target,1,2,67,FALSE
0.84,2,12,17,target,1,2,68,FALSE
0.9,2,14,17,target,1,2,68,FALSE
0.87,2,13,17,target,1,2,68,FALSE
0.93,2,15,17,target,1,2,68,FALSE
0.48,3,0,17,target,1,2,65,FALSE
0.51,3,1,17,target,1,2,65,FALSE
0.54,3,2,17,target,1,2,65,FALSE
0.57,3,3,17,target,1,2,65,FALSE
0.54,3,5,17,target,1,2,66,FALSE
0.6,3,7,17,target,1,2,66,FALSE
0.51,3,4,17,target,1,2,66,FALSE
0.57,3,6,17,target,1,2,66,FALSE
0.72,3,8,17,target,1,2,65,FALSE
0.75,3,9,17,target,1,2,65,FALSE
0.81,3,11,17,target,1,2,65,FALSE
0.78,3,13,17,target,1,2,66,FALSE
0.78,3,10,17,target,1,2,65,FALSE
0.75,3,12,17,target,1,2,66,FALSE
0.81,3,14,17,target,1,2,66,FALSE
0.84,3,15,17,target,1,2,66,FALSE
0.87,4,1,17,target,2,2,67,TRUE
0.87,4,0,17,distr1,2,2,67,TRUE
0.9,4,2,17,target,2,2,67,TRUE
1.11,4,7,17,target,2,2,65,TRUE
1.05,4,8,17,target,2,2,67,TRUE
1.05,4,4,17,distr1,2,2,65,TRUE
1.05,4,5,17,target,2,2,65,TRUE
1.08,4,6,17,target,2,2,65,TRUE
0.93,4,3,17,target,2,2,67,TRUE
1.11,4,10,17,target,2,2,67,TRUE
1.08,4,9,17,target,2,2,67,TRUE
1.26,4,12,17,target,2,2,65,TRUE
1.35,4,15,17,target,2,2,65,TRUE
1.32,4,14,17,target,2,2,65,TRUE
1.14,4,11,17,target,2,2,67,TRUE
1.29,4,13,17,target,2,2,65,TRUE
0.9,5,1,17,target,2,2,66,TRUE
0.87,5,0,17,target,2,2,66,TRUE
0.93,5,2,17,target,2,2,66,TRUE
1.08,5,4,17,target,2,2,68,TRUE
1.14,5,9,17,target,2,2,66,TRUE
1.17,5,7,17,target,2,2,68,TRUE
0.96,5,3,17,target,2,2,66,TRUE
1.11,5,5,17,target,2,2,68,TRUE
1.14,5,6,17,target,2,2,68,TRUE
1.11,5,8,17,target,2,2,66,TRUE
1.17,5,10,17,target,2,2,66,TRUE
1.35,5,13,17,target,2,2,68,TRUE
1.38,5,14,17,target,2,2,68,TRUE
1.41,5,15,17,target,2,2,68,TRUE
1.2,5,11,17,target,2,2,66,TRUE
1.32,5,12,17,target,2,2,68,TRUE
0,0,0,18,target,0,2,70,FALSE
0.03,0,1,18,target,0,2,70,FALSE
0.06,0,2,18,target,0,2,70,FALSE
0.09,0,3,18,target,0,2,70,FALSE
0.12,0,4,18,target,0,2,71,FALSE
0.18,0,6,18,target,0,2,71,FALSE
0.15,0,5,18,target,0,2,71,FALSE
0.21,0,7,18,target,0,2,71,FALSE
0.24,0,8,18,target,0,2,70,FALSE
0.27,0,9,18,distr0,0,2,70,FALSE
0.27,0,10,18,target,0,2,70,FALSE
0.3,0,11,18,target,0,2,70,FALSE
0.33,0,12,18,target,0,2,71,FALSE
0.36,0,13,18,target,0,2,71,FALSE
0.39,0,14,18,target,0,2,71,FALSE
0.42,0,15,18,target,0,2,71,FALSE
0,1,0,18,target,0,2,72,FALSE
0.03,1,1,18,target,0,2,72,FALSE
0.06,1,2,18,target,0,2,72,FALSE
0.09,1,3,18,distr0,0,2,72,FALSE
0.09,1,4,18,distr1,0,2,69,FALSE
0.09,1,5,18,target,0,2,69,FALSE
0.12,1,6,18,target,0,2,69,FALSE
0.15,1,7,18,target,0,2,69,FALSE
0.18,1,8,18,distr0,0,2,72,FALSE
0.18,1,9,18,target,0,2,72,FALSE
0.21,1,10,18,target,0,2,72,FALSE
0.24,1,12,18,target,0,2,69,FALSE
0.24,1,11,18,distr0,0,2,72,FALSE
0.27,1,13,18,target,0,2,69,FALSE
0.3,1,14,18,target,0,2,69,FALSE
0.33,1,15,18,target,0,2,69,FALSE
0.45,2,0,18,distr1,1,2,71,FALSE
0.45,2,1,18,target,1,2,71,FALSE
0.48,2,2,18,target,1,2,71,FALSE
0.51,2,3,18,target,1,2,71,FALSE
0.45,2,4,18,target,1,2,69,FALSE
0.48,2,6,18,target,1,2,69,FALSE
0.48,2,5,18,distr1,1,2,69,FALSE
0.66,2,9,18,target,1,2,71,FALSE
0.69,2,10,18,distr0,1,2,71,FALSE
0.51,2,7,18,target,1,2,69,FALSE
0.63,2,8,18,target,1,2,71,FALSE
0.69,2,11,18,target,1,2,71,FALSE
0.63,2,12,18,target,1,2,69,FALSE
0.66,2,13,18,target,1,2,69,FALSE
0.69,2,14,18,target,1,2,69,FALSE
0.72,2,15,18,target,1,2,69,FALSE
0.36,3,0,18,target,1,2,72,FALSE
0.42,3,2,18,target,1,2,72,FALSE
0.39,3,1,18,target,1,2,72,FALSE
0.45,3,3,18,distr2,1,2,72,FALSE
0.54,3,4,18,target,1,2,70,FALSE
0.57,3,5,18,distr2,1,2,70,FALSE
0.57,3,6,18,target,1,2,70,FALSE
0.6,3,7,18,target,1,2,70,FALSE
0.57,3,9,18,target,1,2,72,FALSE
0.6,3,10,18,target,1,2,72,FALSE
0.81,3,14,18,target,1,2,70,FALSE
0.84,3,15,18,target,1,2,70,FALSE
0.78,3,13,18,target,1,2,70,FALSE
0.54,3,8,18,target,1,2,72,FALSE
0.75,3,12,18,target,1,2,70,FALSE
0.63,3,11,18,target,1,2,72,FALSE
0.81,4,1,18,target,2,2,72,TRUE
0.78,4,0,18,target,2,2,72,TRUE
0.84,4,2,18,target,2,2,72,TRUE
0.87,4,3,18,target,2,2,72,TRUE
0.96,4,4,18,target,2,2,71,TRUE
0.99,4,6,18,target,2,2,71,TRUE
1.17,4,12,18,distr1,2,2,71,TRUE
1.23,4,15,18,target,2,2,71,TRUE
0.99,4,5,18,distr1,2,2,71,TRUE
1.08,4,11,18,target,2,2,72,TRUE
1.2,4,14,18,target,2,2,71,TRUE
1.05,4,10,18,target,2,2,72,TRUE
1.02,4,7,18,target,2,2,71,TRUE
0.99,4,8,18,target,2,2,72,TRUE
1.02,4,9,18,target,2,2,72,TRUE
1.17,4,13,18,target,2,2,71,TRUE
0.81,5,2,18,target,2,2,69,TRUE
0.84,5,3,18,target,2,2,69,TRUE
0.78,5,1,18,target,2,2,69,TRUE
0.75,5,0,18,target,2,2,69,TRUE
0.99,5,4,18,target,2,2,70,TRUE
1.02,5,5,18,target,2,2,70,TRUE
1.05,5,6,18,target,2,2,70,TRUE
1.23,5,12,18,target,2,2,70,TRUE
1.08,5,11,18,target,2,2,69,TRUE
1.32,5,15,18,target,2,2,70,TRUE
1.05,5,10,18,target,2,2,69,TRUE
1.29,5,14,18,target,2,2,70,TRUE
1.08,5,7,18,target,2,2,70,TRUE
1.26,5,13,18,target,2,2,70,TRUE
0.99,5,8,18,target,2,2,69,TRUE
1.02,5,9,18,target,2,2,69,TRUE
0,0,0,19,target,0,0,73,FALSE
0.03,0,1,19,target,0,0,73,FALSE
0.09,0,3,19,target,0,0,73,FALSE
0.06,0,2,19,target,0,0,73,FALSE
0.12,0,4,19,target,0,0,75,FALSE
0.18,0,6,19,target,0,0,75,FALSE
0.21,0,7,19,target,0,0,75,FALSE
0.15,0,5,19,target,0,0,75,FALSE
0.27,0,9,19,target,0,0,73,FALSE
0.24,0,8,19,target,0,0,73,FALSE
0.3,0,10,19,target,0,0,73,FALSE
0.33,0,11,19,target,0,0,73,FALSE
0.36,0,12,19,target,0,0,75,FALSE
0.39,0,13,19,target,0,0,75,FALSE
0.42,0,14,19,target,0,0,75,FALSE
0.45,0,15,19,target,0,0,75,FALSE
0,1,0,19,distr0,0,0,74,FALSE
0.03,1,2,19,target,0,0,74,FALSE
0.06,1,3,19,target,0,0,74,FALSE
0,1,1,19,target,0,0,74,FALSE
0.09,1,4,19,target,0,0,76,FALSE
0.12,1,5,19,target,0,0,76,FALSE
0.15,1,6,19,target,0,0,76,FALSE
0.18,1,7,19,target,0,0,76,FALSE
0.21,1,8,19,target,0,0,74,FALSE
0.27,1,10,19,target,0,0,74,FALSE
0.3,1,11,19,target,0,0,74,FALSE
0.24,1,9,19,target,0,0,74,FALSE
0.33,1,12,19,target,0,0,76,FALSE
0.36,1,13,19,target,0,0,76,FALSE
0.39,1,14,19,target,0,0,76,FALSE
0.42,1,15,19,target,0,0,76,FALSE
0.48,2,0,19,target,1,0,73,FALSE
0.54,2,2,19,target,1,0,73,FALSE
0.51,2,1,19,target,1,0,73,FALSE
0.57,2,3,19,target,1,0,73,FALSE
0.57,2,4,19,target,1,0,76,FALSE
0.6,2,5,19,target,1,0,76,FALSE
0.63,2,6,19,target,1,0,76,FALSE
0.72,2,8,19,target,1,0,73,FALSE
0.66,2,7,19,target,1,0,76,FALSE
0.75,2,9,19,target,1,0,73,FALSE
0.78,2,10,19,target,1,0,73,FALSE
0.81,2,11,19,target,1,0,73,FALSE
0.81,2,12,19,target,1,0,76,FALSE
0.9,2,15,19,target,1,0,76,FALSE
0.87,2,14,19,target,1,0,76,FALSE
0.84,2,13,19,target,1,0,76,FALSE
0.45,3,0,19,target,1,0,74,FALSE
0.48,3,1,19,distr1,1,0,74,FALSE
0.51,3,3,19,target,1,0,74,FALSE
0.48,3,2,19,target,1,0,74,FALSE
0.6,3,5,19,target,1,0,75,FALSE
0.57,3,4,19,target,1,0,75,FALSE
0.63,3,6,19,target,1,0,75,FALSE
0.66,3,7,19,target,1,0,75,FALSE
0.69,3,9,19,target,1,0,74,FALSE
0.84,3,13,19,target,1,0,75,FALSE
0.72,3,10,19,target,1,0,74,FALSE
0.75,3,11,19,target,1,0,74,FALSE
0.81,3,12,19,target,1,0,75,FALSE
0.66,3,8,19,target,1,0,74,FALSE
0.87,3,14,19,target,1,0,75,FALSE
0.9,3,15,19,target,1,0,75,FALSE
0.93,4,1,19,target,2,0,74,TRUE
0.99,4,3,19,target,2,0,74,TRUE
0.9,4,0,19,target,2,0,74,TRUE
0.96,4,2,19,target,2,0,74,TRUE
1.14,4,6,19,target,2,0,73,TRUE
1.08,4,4,19,target,2,0,73,TRUE
1.11,4,5,19,target,2,0,73,TRUE
1.17,4,7,19,target,2,0,73,TRUE
1.35,4,13,19,target,2,0,73,TRUE
1.41,4,15,19,target,2,0,73,TRUE
1.14,4,8,19,target,2,0,74,TRUE
1.17,4,9,19,target,2,0,74,TRUE
1.2,4,10,19,target,2,0,74,TRUE
1.23,4,11,19,target,2,0,74,TRUE
1.32,4,12,19,target,2,0,73,TRUE
1.38,4,14,19,target,2,0,73,TRUE
0.93,5,0,19,target,2,0,76,TRUE
0.96,5,1,19,target,2,0,76,TRUE
1.05,5,4,19,target,2,0,75,TRUE
1.08,5,5,19,target,2,0,75,TRUE
0.99,5,2,19,target,2,0,76,TRUE
1.02,5,3,19,target,2,0,76,TRUE
1.11,5,6,19,target,2,0,75,TRUE
1.14,5,7,19,target,2,0,75,TRUE
1.17,5,8,19,target,2,0,76,TRUE
1.2,5,9,19,target,2,0,76,TRUE
1.23,5,10,19,target,2,0,76,TRUE
1.29,5,12,19,target,2,0,75,TRUE
1.26,5,11,19,target,2,0,76,TRUE
1.35,5,14,19,target,2,0,75,TRUE
1.38,5,15,19,target,2,0,75,TRUE
1.32,5,13,19,target,2,0,75,TRUE
0,0,0,20,distr0,0,2,80,FALSE
0,0,1,20,distr1,0,2,80,FALSE
0.03,0,4,20,distr0,0,2,78,FALSE
0,0,2,20,distr1,0,2,80,FALSE
0.03,0,5,20,distr2,0,2,78,FALSE
0,0,3,20,target,0,2,80,FALSE
0.03,0,6,20,target,0,2,78,FALSE
0.06,0,7,20,target,0,2,78,FALSE
0.09,0,8,20,target,0,2,80,FALSE
0,1,0,20,target,0,2,77,FALSE
0.03,1,1,20,target,0,2,77,FALSE
0.06,1,2,20,target,0,2,77,FALSE
0.09,1,3,20,target,0,2,77,FALSE
0.12,1,4,20,target,0,2,79,FALSE
0.15,1,5,20,target,0,2,79,FALSE
0.18,1,6,20,target,0,2,79,FALSE
0.21,1,7,20,target,0,2,79,FALSE
0.24,1,8,20,target,0,2,77,FALSE
0.27,1,9,20,target,0,2,77,FALSE
0,0,0,21,target,0,1,82,FALSE
0.04,0,1,21,target,0,1,82,FALSE
0.08,0,2,21,target,0,1,82,FALSE
0.12,0,3,21,target,0,1,82,FALSE
0.16,0,4,21,target,0,1,84,FALSE
0.2,0,5,21,target,0,1,84,FALSE
0.24,0,6,21,target,0,1,84,FALSE
0.28,0,7,21,distr1,0,1,84,FALSE
0.28,0,8,21,target,0,1,82,FALSE
0.32,0,9,21,target,0,1,82,FALSE
0.36,0,10,21,target,0,1,82,FALSE
0.4,0,11,21,target,0,1,82,FALSE
0.44,0,12,21,target,0,1,84,FALSE
0.48,0,13,21,target,0,1,84,FALSE
0.52,0,14,21,target,0,1,84,FALSE
0.56,0,15,21,target,0,1,84,FALSE
0,1,0,21,target,0,1,81,FALSE
0.04,1,1,21,target,0,1,81,FALSE
0.08,1,2,21,distr2,0,1,81,FALSE
0.08,1,3,21,target,0,1,81,FALSE
0.12,1,4,21,target,0,1,83,FALSE
0.16,1,5,21,target,0,1,83,FALSE
0.2,1,6,21,target,0,1,83,FALSE
0.24,1,7,21,target,0,1,83,FALSE
0.28,1,8,21,target,0,1,81,FALSE
0.32,1,9,21,target,0,1,81,FALSE
0.36,1,10,21,target,0,1,81,FALSE
0.4,1,11,21,target,0,1,81,FALSE
0.44,1,12,21,target,0,1,83,FALSE
0.48,1,13,21,target,0,1,83,FALSE
0.52,1,14,21,target,0,1,83,FALSE
0.56,1,15,21,target,0,1,83,FALSE
0.6,2,0,21,distr1,1,1,81,FALSE
0.6,2,1,21,target,1,1,81,FALSE
0.64,2,2,21,target,1,1,81,FALSE
0.68,2,3,21,target,1,1,81,FALSE
0.72,2,4,21,distr2,1,1,82,FALSE
0.72,2,5,21,target,1,1,82,FALSE
0.76,2,6,21,target,1,1,82,FALSE
0.8,2,7,21,target,1,1,82,FALSE
0.84,2,8,21,target,1,1,81,FALSE
0.88,2,9,21,target,1,1,81,FALSE
0.92,2,10,21,target,1,1,81,FALSE
0.96,2,11,21,target,1,1,81,FALSE
1,2,12,21,target,1,1,82,FALSE
1.04,2,13,21,target,1,1,82,FALSE
1.08,2,14,21,target,1,1,82,FALSE
1.12,2,15,21,target,1,1,82,FALSE
0.6,3,0,21,target,1,1,83,FALSE
0.64,3,1,21,target,1,1,83,FALSE
0.68,3,2,21,target,1,1,83,FALSE
0.72,3,3,21,target,1,1,83,FALSE
0.76,3,4,21,target,1,1,84,FALSE
0.8,3,5,21,target,1,1,84,FALSE
0.84,3,6,21,target,1,1,84,FALSE
0.92,3,8,21,target,1,1,83,FALSE
0.88,3,7,21,target,1,1,84,FALSE
0.96,3,9,21,target,1,1,83,FALSE
1.04,3,11,21,target,1,1,83,FALSE
1.08,3,12,21,target,1,1,84,FALSE
1,3,10,21,target,1,1,83,FALSE
1.12,3,13,21,target,1,1,84,FALSE
1.16,3,14,21,target,1,1,84,FALSE
1.2,3,15,21,target,1,1,84,FALSE
1.16,4,0,21,target,2,1,82,TRUE
1.2,4,1,21,target,2,1,82,TRUE
1.28,4,3,21,target,2,1,82,TRUE
1.4,4,4,21,target,2,1,83,TRUE
1.24,4,2,21,target,2,1,82,TRUE
1.44,4,5,21,target,2,1,83,TRUE
1.48,4,6,21,target,2,1,83,TRUE
1.48,4,8,21,target,2,1,82,TRUE
1.72,4,12,21,target,2,1,83,TRUE
1.76,4,13,21,target,2,1,83,TRUE
1.52,4,7,21,target,2,1,83,TRUE
1.52,4,9,21,target,2,1,82,TRUE
1.56,4,10,21,target,2,1,82,TRUE
1.6,4,11,21,target,2,1,82,TRUE
1.8,4,14,21,target,2,1,83,TRUE
1.84,4,15,21,target,2,1,83,TRUE
1.16,5,0,21,target,2,1,81,TRUE
1.2,5,1,21,target,2,1,81,TRUE
1.28,5,3,21,target,2,1,81,TRUE
1.24,5,2,21,target,2,1,81,TRUE
1.52,5,7,21,target,2,1,84,TRUE
1.48,5,8,21,target,2,1,81,TRUE
1.4,5,4,21,target,2,1,84,TRUE
1.44,5,5,21,target,2,1,84,TRUE
1.48,5,6,21,target,2,1,84,TRUE
1.72,5,12,21,target,2,1,84,TRUE
1.76,5,13,21,target,2,1,84,TRUE
1.52,5,9,21,target,2,1,81,TRUE
1.56,5,10,21,target,2,1,81,TRUE
1.6,5,11,21,target,2,1,81,TRUE
1.8,5,14,21,target,2,1,84,TRUE
1.84,5,15,21,target,2,1,84,TRUE
0,0,0,22,target,0,0,88,FALSE
0.04,0,1,22,target,0,0,88,FALSE
0.08,0,2,22,target,0,0,88,FALSE
0.12,0,3,22,target,0,0,88,FALSE
0.16,0,4,22,target,0,0,86,FALSE
0.2,0,5,22,target,0,0,86,FALSE
0.24,0,6,22,target,0,0,86,FALSE
0.28,0,7,22,target,0,0,86,FALSE
0.32,0,8,22,target,0,0,88,FALSE
0.36,0,9,22,target,0,0,88,FALSE
0.4,0,10,22,target,0,0,88,FALSE
0.44,0,11,22,target,0,0,88,FALSE
0.48,0,12,22,target,0,0,86,FALSE
0.56,0,14,22,target,0,0,86,FALSE
0.6,0,15,22,target,0,0,86,FALSE
0.52,0,13,22,target,0,0,86,FALSE
0,1,0,22,target,0,0,87,FALSE
0.04,1,1,22,target,0,0,87,FALSE
0.08,1,2,22,target,0,0,87,FALSE
0.12,1,3,22,target,0,0,87,FALSE
0.16,1,4,22,target,0,0,85,FALSE
0.2,1,5,22,target,0,0,85,FALSE
0.24,1,6,22,target,0,0,85,FALSE
0.28,1,7,22,target,0,0,85,FALSE
0.32,1,8,22,target,0,0,87,FALSE
0.36,1,9,22,target,0,0,87,FALSE
0.4,1,10,22,target,0,0,87,FALSE
0.44,1,11,22,target,0,0,87,FALSE
0.48,1,12,22,target,0,0,85,FALSE
0.52,1,13,22,target,0,0,85,FALSE
0.56,1,14,22,target,0,0,85,FALSE
0.6,1,15,22,target,0,0,85,FALSE
0.64,2,0,22,target,1,0,88,FALSE
0.68,2,1,22,target,1,0,88,FALSE
0.76,2,3,22,target,1,0,88,FALSE
0.88,2,6,22,target,1,0,85,FALSE
0.72,2,2,22,target,1,0,88,FALSE
0.8,2,4,22,target,1,0,85,FALSE
0.84,2,5,22,target,1,0,85,FALSE
0.92,2,7,22,target,1,0,85,FALSE
0.96,2,8,22,target,1,0,88,FALSE
1,2,9,22,target,1,0,88,FALSE
1.04,2,10,22,target,1,0,88,FALSE
1.08,2,11,22,target,1,0,88,FALSE
1.12,2,12,22,target,1,0,85,FALSE
1.16,2,13,22,target,1,0,85,FALSE
1.2,2,14,22,target,1,0,85,FALSE
1.24,2,15,22,target,1,0,85,FALSE
0.64,3,0,22,target,1,0,87,FALSE
0.68,3,1,22,target,1,0,87,FALSE
0.72,3,2,22,target,1,0,87,FALSE
0.76,3,3,22,target,1,0,87,FALSE
0.8,3,4,22,target,1,0,86,FALSE
0.84,3,5,22,target,1,0,86,FALSE
0.92,3,7,22,target,1,0,86,FALSE
0.88,3,6,22,target,1,0,86,FALSE
0.96,3,8,22,target,1,0,87,FALSE
1.08,3,11,22,target,1,0,87,FALSE
1,3,9,22,target,1,0,87,FALSE
1.04,3,10,22,target,1,0,87,FALSE
1.12,3,12,22,target,1,0,86,FALSE
1.16,3,13,22,target,1,0,86,FALSE
1.2,3,14,22,target,1,0,86,FALSE
1.24,3,15,22,target,1,0,86,FALSE
1.28,4,0,22,target,2,0,87,TRUE
1.36,4,2,22,target,2,0,87,TRUE
1.4,4,3,22,target,2,0,87,TRUE
1.32,4,1,22,target,2,0,87,TRUE
1.44,4,4,22,target,2,0,88,TRUE
1.48,4,5,22,target,2,0,88,TRUE
1.52,4,6,22,target,2,0,88,TRUE
1.56,4,7,22,target,2,0,88,TRUE
1.6,4,8,22,target,2,0,87,TRUE
1.64,4,9,22,target,2,0,87,TRUE
1.72,4,11,22,target,2,0,87,TRUE
1.76,4,12,22,target,2,0,88,TRUE
1.8,4,13,22,target,2,0,88,TRUE
1.84,4,14,22,target,2,0,88,TRUE
1.68,4,10,22,target,2,0,87,TRUE
1.88,4,15,22,target,2,0,88,TRUE
1.28,5,0,22,target,2,0,85,TRUE
1.32,5,1,22,target,2,0,85,TRUE
1.36,5,2,22,target,2,0,85,TRUE
1.44,5,4,22,target,2,0,86,TRUE
1.4,5,3,22,target,2,0,85,TRUE
1.52,5,6,22,target,2,0,86,TRUE
1.48,5,5,22,target,2,0,86,TRUE
1.56,5,7,22,target,2,0,86,TRUE
1.64,5,9,22,target,2,0,85,TRUE
1.8,5,13,22,target,2,0,86,TRUE
1.6,5,8,22,target,2,0,85,TRUE
1.68,5,10,22,target,2,0,85,TRUE
1.72,5,11,22,target,2,0,85,TRUE
1.76,5,12,22,target,2,0,86,TRUE
1.84,5,14,22,target,2,0,86,TRUE
1.88,5,15,22,target,2,0,86,TRUE
0,0,0,23,target,0,0,92,FALSE
0,0,0,24,target,0,2,95,FALSE
0.04,0,1,24,target,0,2,95,FALSE
0.12,0,3,24,target,0,2,95,FALSE
0.16,0,4,24,target,0,2,93,FALSE
0.08,0,2,24,target,0,2,95,FALSE
0.2,0,5,24,target,0,2,93,FALSE
0.24,0,6,24,target,0,2,93,FALSE
0.28,0,7,24,target,0,2,93,FALSE
0.32,0,8,24,target,0,2,95,FALSE
0.36,0,9,24,target,0,2,95,FALSE
0.4,0,10,24,target,0,2,95,FALSE
0.44,0,11,24,target,0,2,95,FALSE
0.48,0,12,24,target,0,2,93,FALSE
0.52,0,13,24,target,0,2,93,FALSE
0.56,0,14,24,target,0,2,93,FALSE
0.6,0,15,24,target,0,2,93,FALSE
0,1,0,24,target,0,2,94,FALSE
0.04,1,1,24,target,0,2,94,FALSE
0.08,1,2,24,target,0,2,94,FALSE
0.12,1,3,24,target,0,2,94,FALSE
0.28,1,7,24,target,0,2,96,FALSE
0.32,1,8,24,target,0,2,94,FALSE
0.36,1,9,24,target,0,2,94,FALSE
0.4,1,10,24,target,0,2,94,FALSE
0.48,1,12,24,target,0,2,96,FALSE
0.16,1,4,24,target,0,2,96,FALSE
0.2,1,5,24,target,0,2,96,FALSE
0.24,1,6,24,target,0,2,96,FALSE
0.44,1,11,24,target,0,2,94,FALSE
0.52,1,13,24,target,0,2,96,FALSE
0.56,1,14,24,target,0,2,96,FALSE
0.6,1,15,24,target,0,2,96,FALSE
0.64,2,0,24,target,1,2,95,FALSE
0.68,2,1,24,target,1,2,95,FALSE
0.72,2,2,24,target,1,2,95,FALSE
0.76,2,3,24,target,1,2,95,FALSE
0.8,2,4,24,target,1,2,96,FALSE
0.84,2,5,24,target,1,2,96,FALSE
0.88,2,6,24,target,1,2,96,FALSE
0.92,2,7,24,target,1,2,96,FALSE
0.96,2,8,24,target,1,2,95,FALSE
1,2,9,24,target,1,2,95,FALSE
1.04,2,10,24,target,1,2,95,FALSE
1.08,2,11,24,target,1,2,95,FALSE
1.12,2,12,24,target,1,2,96,FALSE
1.2,2,14,24,target,1,2,96,FALSE
1.24,2,15,24,target,1,2,96,FALSE
1.16,2,13,24,target,1,2,96,FALSE
0.72,3,2,24,target,1,2,94,FALSE
0.76,3,3,24,target,1,2,94,FALSE
0.64,3,0,24,target,1,2,94,FALSE
0.68,3,1,24,target,1,2,94,FALSE
0.8,3,4,24,target,1,2,93,FALSE
0.84,3,5,24,target,1,2,93,FALSE
0.88,3,6,24,target,1,2,93,FALSE
0.96,3,8,24,target,1,2,94,FALSE
1.04,3,10,24,target,1,2,94,FALSE
1.08,3,11,24,target,1,2,94,FALSE
1.12,3,12,24,target,1,2,93,FALSE
0.92,3,7,24,target,1,2,93,FALSE
1,3,9,24,target,1,2,94,FALSE
1.16,3,13,24,target,1,2,93,FALSE
1.2,3,14,24,distr0,1,2,93,FALSE
1.2,3,15,24,distr1,1,2,93,FALSE
1.2,4,0,24,target,2,2,94,TRUE
1.28,4,2,24,target,2,2,94,TRUE
1.32,4,3,24,target,2,2,94,TRUE
1.24,4,1,24,target,2,2,94,TRUE
1.44,4,4,24,target,2,2,95,TRUE
1.52,4,6,24,target,2,2,95,TRUE
1.56,4,7,24,target,2,2,95,TRUE
1.48,4,5,24,target,2,2,95,TRUE
1.52,4,8,24,target,2,2,94,TRUE
1.56,4,9,24,target,2,2,94,TRUE
1.64,4,11,24,target,2,2,94,TRUE
1.76,4,12,24,target,2,2,95,TRUE
1.88,4,15,24,target,2,2,95,TRUE
1.6,4,10,24,target,2,2,94,TRUE
1.8,4,13,24,target,2,2,95,TRUE
1.84,4,14,24,target,2,2,95,TRUE
1.2,5,0,24,target,2,2,93,TRUE
1.28,5,2,24,target,2,2,93,TRUE
1.32,5,3,24,target,2,2,93,TRUE
1.24,5,1,24,target,2,2,93,TRUE
1.44,5,4,24,target,2,2,96,TRUE
1.48,5,5,24,target,2,2,96,TRUE
1.56,5,7,24,distr1,2,2,96,TRUE
1.52,5,6,24,target,2,2,96,TRUE
1.52,5,9,24,target,2,2,93,TRUE
1.56,5,10,24,target,2,2,93,TRUE
1.6,5,11,24,target,2,2,93,TRUE
1.48,5,8,24,target,2,2,93,TRUE
1.72,5,12,24,target,2,2,96,TRUE
1.76,5,13,24,distr0,2,2,96,TRUE
1.76,5,14,24,target,2,2,96,TRUE
1.8,5,15,24,target,2,2,96,TRUE
0,0,0,25,target,0,0,97,FALSE
0.04,0,1,25,target,0,0,97,FALSE
0.08,0,2,25,target,0,0,97,FALSE
0.12,0,3,25,distr0,0,0,97,FALSE
0.12,0,4,25,target,0,0,98,FALSE
0.16,0,5,25,target,0,0,98,FALSE
0.2,0,6,25,target,0,0,98,FALSE
0.24,0,7,25,target,0,0,98,FALSE
0.28,0,8,25,target,0,0,97,FALSE
0.32,0,9,25,target,0,0,97,FALSE
0.48,0,13,25,target,0,0,98,FALSE
0.36,0,10,25,target,0,0,97,FALSE
0.4,0,11,25,target,0,0,97,FALSE
0.44,0,12,25,target,0,0,98,FALSE
0.52,0,14,25,target,0,0,98,FALSE
0.56,0,15,25,target,0,0,98,FALSE
0,1,0,25,target,0,0,99,FALSE
0.04,1,1,25,distr2,0,0,99,FALSE
0.04,1,2,25,target,0,0,99,FALSE
0.08,1,3,25,target,0,0,99,FALSE
0.12,1,4,25,target,0,0,100,FALSE
0.16,1,5,25,target,0,0,100,FALSE
0.2,1,6,25,target,0,0,100,FALSE
0.28,1,8,25,target,0,0,99,FALSE
0.32,1,9,25,target,0,0,99,FALSE
0.24,1,7,25,target,0,0,100,FALSE
0.36,1,10,25,target,0,0,99,FALSE
0.4,1,11,25,target,0,0,99,FALSE
0.44,1,12,25,target,0,0,100,FALSE
0.52,1,14,25,target,0,0,100,FALSE
0.48,1,13,25,target,0,0,100,FALSE
0.56,1,15,25,target,0,0,100,FALSE
0.64,2,1,25,target,1,0,98,FALSE
0.6,2,0,25,target,1,0,98,FALSE
0.68,2,2,25,target,1,0,98,FALSE
0.72,2,3,25,target,1,0,98,FALSE
0.8,2,5,25,target,1,0,100,FALSE
0.76,2,4,25,target,1,0,100,FALSE
0.84,2,6,25,target,1,0,100,FALSE
0.88,2,7,25,target,1,0,100,FALSE
0.92,2,8,25,target,1,0,98,FALSE
0.96,2,9,25,target,1,0,98,FALSE
1,2,10,25,target,1,0,98,FALSE
1.04,2,11,25,target,1,0,98,FALSE
1.08,2,12,25,target,1,0,100,FALSE
1.12,2,13,25,target,1,0,100,FALSE
1.16,2,14,25,target,1,0,100,FALSE
1.2,2,15,25,target,1,0,100,FALSE
0.6,3,0,25,target,1,0,97,FALSE
0.64,3,1,25,target,1,0,97,FALSE
0.68,3,2,25,target,1,0,97,FALSE
0.76,3,4,25,target,1,0,99,FALSE
0.72,3,3,25,target,1,0,97,FALSE
0.8,3,5,25,target,1,0,99,FALSE
0.84,3,6,25,target,1,0,99,FALSE
0.88,3,7,25,target,1,0,99,FALSE
0.92,3,8,25,target,1,0,97,FALSE
0.96,3,9,25,target,1,0,97,FALSE
1,3,10,25,target,1,0,97,FALSE
1.04,3,11,25,target,1,0,97,FALSE
1.12,3,13,25,target,1,0,99,FALSE
1.08,3,12,25,target,1,0,99,FALSE
1.16,3,14,25,target,1,0,99,FALSE
1.2,3,15,25,target,1,0,99,FALSE
1.24,4,0,25,target,2,0,99,TRUE
1.32,4,2,25,target,2,0,99,TRUE
1.36,4,3,25,target,2,0,99,TRUE
1.28,4,1,25,target,2,0,99,TRUE
1.44,4,5,25,target,2,0,98,TRUE
1.48,4,6,25,target,2,0,98,TRUE
1.56,4,8,25,target,2,0,99,TRUE
1.4,4,4,25,target,2,0,98,TRUE
1.52,4,7,25,target,2,0,98,TRUE
1.6,4,9,25,target,2,0,99,TRUE
1.68,4,11,25,target,2,0,99,TRUE
1.76,4,13,25,target,2,0,98,TRUE
1.84,4,15,25,target,2,0,98,TRUE
1.64,4,10,25,target,2,0,99,TRUE
1.72,4,12,25,target,2,0,98,TRUE
1.8,4,14,25,target,2,0,98,TRUE
1.24,5,0,25,target,2,0,97,TRUE
1.44,5,5,25,target,2,0,100,TRUE
1.48,5,6,25,target,2,0,100,TRUE
1.28,5,1,25,target,2,0,97,TRUE
1.32,5,2,25,target,2,0,97,TRUE
1.36,5,3,25,target,2,0,97,TRUE
1.4,5,4,25,target,2,0,100,TRUE
1.52,5,7,25,target,2,0,100,TRUE
1.56,5,8,25,target,2,0,97,TRUE
1.6,5,9,25,target,2,0,97,TRUE
1.64,5,10,25,target,2,0,97,TRUE
1.68,5,11,25,target,2,0,97,TRUE
1.72,5,12,25,target,2,0,100,TRUE
1.76,5,13,25,target,2,0,100,TRUE
1.8,5,14,25,target,2,0,100,TRUE
1.84,5,15,25,target,2,0,100,TRUE
0,0,0,26,distr2,0,1,104,FALSE
0,0,1,26,distr1,0,1,104,FALSE
0,0,2,26,target,0,1,104,FALSE
0.04,0,3,26,target,0,1,104,FALSE
0.08,0,4,26,target,0,1,101,FALSE
0.16,0,6,26,target,0,1,101,FALSE
0.2,0,7,26,target,0,1,101,FALSE
0.12,0,5,26,target,0,1,101,FALSE
0.24,0,8,26,target,0,1,104,FALSE
0.28,0,9,26,distr1,0,1,104,FALSE
0.32,0,11,26,target,0,1,104,FALSE
0.4,0,13,26,target,0,1,101,FALSE
0.28,0,10,26,target,0,1,104,FALSE
0.36,0,12,26,target,0,1,101,FALSE
0.44,0,14,26,target,0,1,101,FALSE
0.48,0,15,26,target,0,1,101,FALSE
0,1,0,26,target,0,1,103,FALSE
0.04,1,1,26,target,0,1,103,FALSE
0.08,1,2,26,distr1,0,1,103,FALSE
0.08,1,3,26,target,0,1,103,FALSE
0.12,1,4,26,target,0,1,102,FALSE
0.16,1,5,26,distr0,0,1,102,FALSE
0.2,1,8,26,distr1,0,1,103,FALSE
0.16,1,6,26,distr2,0,1,102,FALSE
0.16,1,7,26,target,0,1,102,FALSE
0.2,1,9,26,target,0,1,103,FALSE
0.24,1,10,26,distr2,0,1,103,FALSE
0.24,1,11,26,target,0,1,103,FALSE
0.28,1,12,26,target,0,1,102,FALSE
0.32,1,13,26,distr2,0,1,102,FALSE
0.32,1,14,26,target,0,1,102,FALSE
0.36,1,15,26,distr1,0,1,102,FALSE
0.36,2,0,26,target,1,1,103,FALSE
0.4,2,1,26,target,1,1,103,FALSE
0.44,2,2,26,target,1,1,103,FALSE
0.48,2,3,26,target,1,1,103,FALSE
0.68,2,5,26,target,1,1,104,FALSE
0.72,2,6,26,distr0,1,1,104,FALSE
0.68,2,4,26,distr1,1,1,104,FALSE
0.72,2,7,26,target,1,1,104,FALSE
0.6,2,8,26,target,1,1,103,FALSE
0.64,2,9,26,target,1,1,103,FALSE
0.72,2,11,26,target,1,1,103,FALSE
0.68,2,10,26,target,1,1,103,FALSE
0.96,2,13,26,target,1,1,104,FALSE
0.92,2,12,26,target,1,1,104,FALSE
1,2,14,26,target,1,1,104,FALSE
1.04,2,15,26,target,1,1,104,FALSE
0.52,3,0,26,target,1,1,101,FALSE
0.56,3,1,26,target,1,1,101,FALSE
0.6,3,2,26,target,1,1,101,FALSE
0.64,3,3,26,target,1,1,101,FALSE
0.52,3,5,26,target,1,1,102,FALSE
0.56,3,6,26,target,1,1,102,FALSE
0.6,3,7,26,target,1,1,102,FALSE
0.52,3,4,26,distr2,1,1,102,FALSE
0.8,3,8,26,distr1,1,1,101,FALSE
0.8,3,9,26,target,1,1,101,FALSE
0.84,3,10,26,target,1,1,101,FALSE
0.88,3,11,26,target,1,1,101,FALSE
0.76,3,12,26,distr1,1,1,102,FALSE
0.76,3,13,26,target,1,1,102,FALSE
0.8,3,14,26,target,1,1,102,FALSE
0.84,3,15,26,target,1,1,102,FALSE
1.08,4,1,26,distr0,2,1,104,TRUE
1.08,4,0,26,distr0,2,1,104,TRUE
1.08,4,2,26,distr1,2,1,104,TRUE
1.08,4,3,26,target,2,1,104,TRUE
0.92,4,5,26,target,2,1,102,TRUE
0.92,4,4,26,distr0,2,1,102,TRUE
0.96,4,6,26,distr2,2,1,102,TRUE
0.96,4,7,26,distr2,2,1,102,TRUE
1.16,4,9,26,target,2,1,104,TRUE
1.16,4,8,26,distr1,2,1,104,TRUE
1.2,4,10,26,distr1,2,1,104,TRUE
1.2,4,11,26,distr1,2,1,104,TRUE
1,4,12,26,target,2,1,102,TRUE
1.04,4,13,26,target,2,1,102,TRUE
1.08,4,14,26,target,2,1,102,TRUE
1.12,4,15,26,target,2,1,102,TRUE
1.08,5,1,26,target,2,1,101,TRUE
1.12,5,2,26,target,2,1,101,TRUE
1.16,5,3,26,target,2,1,101,TRUE
1.04,5,0,26,target,2,1,101,TRUE
1.08,5,4,26,target,2,1,103,TRUE
1.12,5,5,26,target,2,1,103,TRUE
1.16,5,6,26,target,2,1,103,TRUE
1.2,5,7,26,target,2,1,103,TRUE
1.36,5,8,26,target,2,1,101,TRUE
1.4,5,9,26,target,2,1,101,TRUE
1.44,5,10,26,target,2,1,101,TRUE
1.4,5,12,26,target,2,1,103,TRUE
1.44,5,13,26,target,2,1,103,TRUE
1.48,5,11,26,target,2,1,101,TRUE
1.48,5,14,26,target,2,1,103,TRUE
1.52,5,15,26,target,2,1,103,TRUE
0.04,0,2,27,distr1,0,1,107,FALSE
0,0,0,27,target,0,1,107,FALSE
0.04,0,1,27,distr2,0,1,107,FALSE
0.04,0,3,27,target,0,1,107,FALSE
0.08,0,4,27,target,0,1,105,FALSE
0.12,0,5,27,target,0,1,105,FALSE
0.16,0,6,27,distr0,0,1,105,FALSE
0.16,0,7,27,target,0,1,105,FALSE
0.2,0,8,27,target,0,1,107,FALSE
0.24,0,9,27,target,0,1,107,FALSE
0.28,0,10,27,target,0,1,107,FALSE
0.32,0,11,27,distr2,0,1,107,FALSE
0.32,0,12,27,target,0,1,105,FALSE
0.36,0,13,27,target,0,1,105,FALSE
0.4,0,14,27,target,0,1,105,FALSE
0.44,0,15,27,target,0,1,105,FALSE
0,1,0,27,target,0,1,108,FALSE
0.04,1,1,27,distr2,0,1,108,FALSE
0.04,1,2,27,distr0,0,1,108,FALSE
0.04,1,3,27,target,0,1,108,FALSE
0.08,1,4,27,target,0,1,106,FALSE
0.12,1,5,27,distr1,0,1,106,FALSE
0.12,1,6,27,target,0,1,106,FALSE
0.16,1,7,27,target,0,1,106,FALSE
0.2,1,8,27,target,0,1,108,FALSE
0.24,1,9,27,target,0,1,108,FALSE
0.28,1,10,27,target,0,1,108,FALSE
0.32,1,11,27,target,0,1,108,FALSE
0.36,1,12,27,target,0,1,106,FALSE
0.4,1,13,27,target,0,1,106,FALSE
0.44,1,14,27,target,0,1,106,FALSE
0.48,1,15,27,target,0,1,106,FALSE
0.52,2,0,27,target,1,1,108,FALSE
0.6,2,3,27,distr1,1,1,108,FALSE
0.56,2,1,27,target,1,1,108,FALSE
0.6,2,2,27,distr2,1,1,108,FALSE
0.56,2,4,27,target,1,1,107,FALSE
0.6,2,5,27,target,1,1,107,FALSE
0.64,2,6,27,target,1,1,107,FALSE
0.68,2,7,27,target,1,1,107,FALSE
0.8,2,9,27,target,1,1,108,FALSE
0.76,2,8,27,target,1,1,108,FALSE
0.88,2,11,27,target,1,1,108,FALSE
0.84,2,10,27,target,1,1,108,FALSE
0.96,2,14,27,target,1,1,107,FALSE
1,2,15,27,target,1,1,107,FALSE
0.88,2,12,27,target,1,1,107,FALSE
0.92,2,13,27,target,1,1,107,FALSE
0.52,3,0,27,target,1,1,106,FALSE
0.56,3,1,27,target,1,1,106,FALSE
0.6,3,2,27,target,1,1,106,FALSE
0.64,3,3,27,target,1,1,106,FALSE
0.64,3,4,27,target,1,1,105,FALSE
0.88,3,9,27,target,1,1,106,FALSE
0.68,3,5,27,target,1,1,105,FALSE
0.72,3,6,27,target,1,1,105,FALSE
0.76,3,7,27,target,1,1,105,FALSE
0.84,3,8,27,target,1,1,106,FALSE
0.92,3,10,27,target,1,1,106,FALSE
0.96,3,11,27,target,1,1,106,FALSE
0.96,3,12,27,target,1,1,105,FALSE
1,3,13,27,target,1,1,105,FALSE
1.04,3,14,27,target,1,1,105,FALSE
1.08,3,15,27,target,1,1,105,FALSE
1.16,4,0,27,target,2,1,106,TRUE
1.2,4,1,27,target,2,1,106,TRUE
1.24,4,2,27,target,2,1,106,TRUE
1.28,4,3,27,target,2,1,106,TRUE
1.2,4,4,27,target,2,1,107,TRUE
1.28,4,6,27,target,2,1,107,TRUE
1.32,4,7,27,target,2,1,107,TRUE
1.24,4,5,27,target,2,1,107,TRUE
1.48,4,8,27,distr2,2,1,106,TRUE
1.48,4,9,27,target,2,1,106,TRUE
1.52,4,10,27,target,2,1,106,TRUE
1.56,4,11,27,target,2,1,106,TRUE
1.48,4,12,27,target,2,1,107,TRUE
1.52,4,13,27,target,2,1,107,TRUE
1.56,4,14,27,target,2,1,107,TRUE
1.6,4,15,27,target,2,1,107,TRUE
1.12,5,0,27,target,2,1,105,TRUE
1.16,5,1,27,distr2,2,1,105,TRUE
1.2,5,5,27,target,2,1,108,TRUE
1.16,5,2,27,target,2,1,105,TRUE
1.2,5,3,27,target,2,1,105,TRUE
1.2,5,4,27,distr2,2,1,108,TRUE
1.24,5,6,27,target,2,1,108,TRUE
1.28,5,7,27,target,2,1,108,TRUE
1.36,5,8,27,target,2,1,105,TRUE
1.4,5,9,27,target,2,1,105,TRUE
1.44,5,10,27,target,2,1,105,TRUE
1.48,5,11,27,target,2,1,105,TRUE
1.48,5,12,27,target,2,1,108,TRUE
1.56,5,14,27,target,2,1,108,TRUE
1.52,5,13,27,target,2,1,108,TRUE
1.6,5,15,27,target,2,1,108,TRUE
0.08,0,2,28,target,0,0,112,FALSE
0,0,0,28,target,0,0,112,FALSE
0.04,0,1,28,target,0,0,112,FALSE
0.12,0,3,28,target,0,0,112,FALSE
0.16,0,4,28,target,0,0,111,FALSE
0.2,0,5,28,target,0,0,111,FALSE
0.24,0,6,28,target,0,0,111,FALSE
0.28,0,7,28,target,0,0,111,FALSE
0.32,0,8,28,target,0,0,112,FALSE
0.44,0,11,28,target,0,0,112,FALSE
0.48,0,12,28,target,0,0,111,FALSE
0.36,0,9,28,target,0,0,112,FALSE
0.4,0,10,28,target,0,0,112,FALSE
0.52,0,13,28,target,0,0,111,FALSE
0.56,0,14,28,target,0,0,111,FALSE
0.6,0,15,28,target,0,0,111,FALSE
0,1,0,28,target,0,0,113,FALSE
0.04,1,1,28,target,0,0,113,FALSE
0.08,1,2,28,target,0,0,113,FALSE
0.16,1,4,28,target,0,0,110,FALSE
0.24,1,6,28,target,0,0,110,FALSE
0.12,1,3,28,target,0,0,113,FALSE
0.2,1,5,28,target,0,0,110,FALSE
0.28,1,7,28,target,0,0,110,FALSE
0.32,1,8,28,target,0,0,113,FALSE
0.4,1,10,28,target,0,0,113,FALSE
0.36,1,9,28,target,0,0,113,FALSE
0.44,1,11,28,target,0,0,113,FALSE
0.52,1,13,28,target,0,0,110,FALSE
0.48,1,12,28,target,0,0,110,FALSE
0.6,1,15,28,target,0,0,110,FALSE
0.56,1,14,28,target,0,0,110,FALSE
0.64,2,0,28,target,1,0,111,FALSE
0.68,2,1,28,distr1,1,0,111,FALSE
0.68,2,2,28,target,1,0,111,FALSE
0.72,2,3,28,target,1,0,111,FALSE
0.8,2,6,28,target,1,0,110,FALSE
0.76,2,4,28,target,1,0,110,FALSE
0.8,2,5,28,distr1,1,0,110,FALSE
0.84,2,7,28,target,1,0,110,FALSE
0.88,2,8,28,target,1,0,111,FALSE
0.92,2,9,28,target,1,0,111,FALSE
1,2,11,28,target,1,0,111,FALSE
1.16,2,15,28,target,1,0,110,FALSE
0.96,2,10,28,target,1,0,111,FALSE
1.04,2,12,28,target,1,0,110,FALSE
1.08,2,13,28,target,1,0,110,FALSE
1.12,2,14,28,target,1,0,110,FALSE
0.64,3,0,28,target,1,0,113,FALSE
0.68,3,1,28,target,1,0,113,FALSE
0.72,3,2,28,target,1,0,113,FALSE
0.76,3,3,28,target,1,0,113,FALSE
0.8,3,4,28,target,1,0,112,FALSE
0.88,3,6,28,target,1,0,112,FALSE
0.92,3,7,28,target,1,0,112,FALSE
0.84,3,5,28,target,1,0,112,FALSE
0.96,3,8,28,target,1,0,113,FALSE
1,3,9,28,target,1,0,113,FALSE
1.04,3,10,28,target,1,0,113,FALSE
1.08,3,11,28,target,1,0,113,FALSE
1.12,3,12,28,target,1,0,112,FALSE
1.2,3,14,28,target,1,0,112,FALSE
1.16,3,13,28,target,1,0,112,FALSE
1.24,3,15,28,target,1,0,112,FALSE
1.28,4,0,28,target,2,0,113,TRUE
1.32,4,1,28,target,2,0,113,TRUE
1.4,4,3,28,target,2,0,113,TRUE
1.4,4,5,28,target,2,0,111,TRUE
1.36,4,4,28,target,2,0,111,TRUE
1.36,4,2,28,target,2,0,113,TRUE
1.44,4,6,28,target,2,0,111,TRUE
1.48,4,7,28,target,2,0,111,TRUE
1.64,4,9,28,target,2,0,113,TRUE
1.68,4,10,28,target,2,0,113,TRUE
1.68,4,12,28,target,2,0,111,TRUE
1.6,4,8,28,target,2,0,113,TRUE
1.72,4,11,28,target,2,0,113,TRUE
1.72,4,13,28,target,2,0,111,TRUE
1.8,4,15,28,target,2,0,111,TRUE
1.76,4,14,28,target,2,0,111,TRUE
1.24,5,2,28,target,2,0,110,TRUE
1.28,5,3,28,target,2,0,110,TRUE
1.2,5,0,28,distr1,2,0,110,TRUE
1.2,5,1,28,target,2,0,110,TRUE
1.4,5,4,28,distr0,2,0,112,TRUE
1.44,5,8,28,target,2,0,110,TRUE
1.4,5,5,28,target,2,0,112,TRUE
1.44,5,6,28,target,2,0,112,TRUE
1.48,5,7,28,target,2,0,112,TRUE
1.48,5,9,28,target,2,0,110,TRUE
1.52,5,10,28,target,2,0,110,TRUE
1.56,5,11,28,target,2,0,110,TRUE
1.72,5,13,28,target,2,0,112,TRUE
1.68,5,12,28,target,2,0,112,TRUE
1.76,5,14,28,target,2,0,112,TRUE
1.8,5,15,28,target,2,0,112,TRUE
0,0,0,29,target,0,0,114,FALSE
0.04,0,1,29,target,0,0,114,FALSE
0.08,0,2,29,target,0,0,114,FALSE
0.12,0,3,29,target,0,0,114,FALSE
0.16,0,4,29,target,0,0,117,FALSE
0.2,0,5,29,distr1,0,0,117,FALSE
0.2,0,6,29,target,0,0,117,FALSE
0.24,0,7,29,target,0,0,117,FALSE
0.28,0,8,29,target,0,0,114,FALSE
0.32,0,9,29,target,0,0,114,FALSE
0.36,0,10,29,target,0,0,114,FALSE
0.48,0,13,29,target,0,0,117,FALSE
0.4,0,11,29,target,0,0,114,FALSE
0.44,0,12,29,target,0,0,117,FALSE
0.56,0,15,29,target,0,0,117,FALSE
0.52,0,14,29,target,0,0,117,FALSE
0,1,0,29,distr0,0,0,115,FALSE
0,1,2,29,distr0,0,0,115,FALSE
0,1,1,29,distr0,0,0,115,FALSE
0,1,3,29,distr2,0,0,115,FALSE
0.04,1,5,29,target,0,0,116,FALSE
0,1,4,29,target,0,0,116,FALSE
0.12,1,7,29,target,0,0,116,FALSE
0.08,1,6,29,target,0,0,116,FALSE
0.16,1,8,29,target,0,0,115,FALSE
0.2,1,9,29,distr1,0,0,115,FALSE
0.2,1,10,29,target,0,0,115,FALSE
0.24,1,11,29,target,0,0,115,FALSE
0.28,1,12,29,target,0,0,116,FALSE
0.32,1,13,29,target,0,0,116,FALSE
0.36,1,14,29,target,0,0,116,FALSE
0.4,1,15,29,target,0,0,116,FALSE
0.6,2,0,29,target,1,0,114,FALSE
0.64,2,1,29,target,1,0,114,FALSE
0.68,2,2,29,target,1,0,114,FALSE
0.72,2,3,29,target,1,0,114,FALSE
0.6,2,4,29,target,1,0,115,FALSE
0.72,2,7,29,target,1,0,115,FALSE
0.64,2,5,29,target,1,0,115,FALSE
0.68,2,6,29,target,1,0,115,FALSE
0.92,2,8,29,target,1,0,114,FALSE
0.96,2,9,29,target,1,0,114,FALSE
1,2,10,29,target,1,0,114,FALSE
1.04,2,11,29,target,1,0,114,FALSE
0.92,2,12,29,target,1,0,115,FALSE
0.96,2,13,29,target,1,0,115,FALSE
1,2,14,29,target,1,0,115,FALSE
1.04,2,15,29,target,1,0,115,FALSE
0.6,3,0,29,distr0,1,0,117,FALSE
0.64,3,2,29,target,1,0,117,FALSE
0.6,3,1,29,target,1,0,117,FALSE
0.6,3,5,29,target,1,0,116,FALSE
0.68,3,7,29,target,1,0,116,FALSE
0.68,3,3,29,target,1,0,117,FALSE
0.56,3,4,29,target,1,0,116,FALSE
0.64,3,6,29,target,1,0,116,FALSE
0.88,3,8,29,target,1,0,117,FALSE
1,3,11,29,target,1,0,117,FALSE
0.92,3,9,29,target,1,0,117,FALSE
0.96,3,10,29,target,1,0,117,FALSE
0.88,3,12,29,target,1,0,116,FALSE
0.92,3,13,29,target,1,0,116,FALSE
0.96,3,14,29,target,1,0,116,FALSE
1,3,15,29,target,1,0,116,FALSE
1.12,4,2,29,target,2,0,116,TRUE
1.16,4,3,29,target,2,0,116,TRUE
1.04,4,0,29,target,2,0,116,TRUE
1.4,4,4,29,target,2,0,114,TRUE
1.44,4,5,29,target,2,0,114,TRUE
1.08,4,1,29,target,2,0,116,TRUE
1.48,4,6,29,target,2,0,114,TRUE
1.36,4,8,29,target,2,0,116,TRUE
1.4,4,9,29,target,2,0,116,TRUE
1.52,4,7,29,target,2,0,114,TRUE
1.72,4,12,29,target,2,0,114,TRUE
1.44,4,10,29,target,2,0,116,TRUE
1.48,4,11,29,target,2,0,116,TRUE
1.76,4,13,29,target,2,0,114,TRUE
1.8,4,14,29,target,2,0,114,TRUE
1.84,4,15,29,target,2,0,114,TRUE
1.2,5,0,29,target,2,0,117,TRUE
1.24,5,1,29,target,2,0,117,TRUE
1.28,5,2,29,target,2,0,117,TRUE
1.28,5,5,29,target,2,0,115,TRUE
1.32,5,3,29,target,2,0,117,TRUE
1.24,5,4,29,target,2,0,115,TRUE
1.36,5,7,29,target,2,0,115,TRUE
1.56,5,9,29,target,2,0,117,TRUE
1.6,5,10,29,target,2,0,117,TRUE
1.32,5,6,29,target,2,0,115,TRUE
1.64,5,11,29,target,2,0,117,TRUE
1.6,5,13,29,target,2,0,115,TRUE
1.52,5,8,29,target,2,0,117,TRUE
1.56,5,12,29,target,2,0,115,TRUE
1.64,5,14,29,target,2,0,115,TRUE
1.68,5,15,29,target,2,0,115,TRUE
0,0,0,30,distr2,0,1,120,FALSE
0,0,1,30,distr2,0,1,120,FALSE
0,0,2,30,target,0,1,120,FALSE
0.04,0,3,30,target,0,1,120,FALSE
0.08,0,4,30,distr2,0,1,121,FALSE
0.08,0,5,30,target,0,1,121,FALSE
0.12,0,6,30,target,0,1,121,FALSE
0.16,0,7,30,distr2,0,1,121,FALSE
0.2,0,9,30,target,0,1,120,FALSE
0.16,0,8,30,target,0,1,120,FALSE
0.24,0,10,30,target,0,1,120,FALSE
0.28,0,11,30,distr2,0,1,120,FALSE
0.28,0,12,30,target,0,1,121,FALSE
0.32,0,13,30,target,0,1,121,FALSE
0.36,0,14,30,target,0,1,121,FALSE
0.4,0,15,30,target,0,1,121,FALSE
0,1,0,30,target,0,1,119,FALSE
0.08,1,2,30,target,0,1,119,FALSE
0.04,1,1,30,target,0,1,119,FALSE
0.12,1,3,30,target,0,1,119,FALSE
0.2,1,5,30,target,0,1,118,FALSE
0.16,1,4,30,target,0,1,118,FALSE
0.32,1,8,30,target,0,1,119,FALSE
0.28,1,7,30,target,0,1,118,FALSE
0.24,1,6,30,target,0,1,118,FALSE
0.48,1,12,30,target,0,1,118,FALSE
0.36,1,9,30,target,0,1,119,FALSE
0.44,1,11,30,target,0,1,119,FALSE
0.4,1,10,30,target,0,1,119,FALSE
0.52,1,13,30,target,0,1,118,FALSE
0.56,1,14,30,target,0,1,118,FALSE
0.6,1,15,30,target,0,1,118,FALSE
0.64,2,0,30,target,1,1,119,FALSE
0.68,2,1,30,target,1,1,119,FALSE
0.72,2,2,30,target,1,1,119,FALSE
0.76,2,3,30,target,1,1,119,FALSE
0.6,2,4,30,target,1,1,120,FALSE
0.64,2,5,30,target,1,1,120,FALSE
0.68,2,6,30,target,1,1,120,FALSE
0.72,2,7,30,target,1,1,120,FALSE
0.96,2,8,30,target,1,1,119,FALSE
1.08,2,11,30,target,1,1,119,FALSE
0.96,2,13,30,target,1,1,120,FALSE
1,2,9,30,target,1,1,119,FALSE
1.04,2,10,30,target,1,1,119,FALSE
0.92,2,12,30,target,1,1,120,FALSE
1,2,14,30,target,1,1,120,FALSE
1.04,2,15,30,target,1,1,120,FALSE
0.44,3,1,30,target,1,1,121,FALSE
0.48,3,3,30,target,1,1,121,FALSE
0.44,3,0,30,distr1,1,1,121,FALSE
0.48,3,2,30,distr0,1,1,121,FALSE
0.76,3,6,30,target,1,1,118,FALSE
0.64,3,8,30,target,1,1,121,FALSE
0.76,3,5,30,distr0,1,1,118,FALSE
0.72,3,4,30,target,1,1,118,FALSE
0.8,3,7,30,target,1,1,118,FALSE
0.68,3,9,30,target,1,1,121,FALSE
0.72,3,10,30,target,1,1,121,FALSE
0.76,3,11,30,target,1,1,121,FALSE
1,3,12,30,target,1,1,118,FALSE
1.04,3,13,30,target,1,1,118,FALSE
1.08,3,14,30,target,1,1,118,FALSE
1.12,3,15,30,target,1,1,118,FALSE
1.08,4,0,30,target,2,1,120,TRUE
1.12,4,1,30,target,2,1,120,TRUE
1.16,4,2,30,distr1,2,1,120,TRUE
1.16,4,3,30,target,2,1,120,TRUE
1.36,4,6,30,target,2,1,118,TRUE
1.28,4,4,30,target,2,1,118,TRUE
1.4,4,7,30,target,2,1,118,TRUE
1.32,4,5,30,target,2,1,118,TRUE
1.64,4,13,30,target,2,1,118,TRUE
1.68,4,14,30,target,2,1,118,TRUE
1.44,4,10,30,target,2,1,120,TRUE
1.6,4,12,30,target,2,1,118,TRUE
1.36,4,8,30,target,2,1,120,TRUE
1.4,4,9,30,target,2,1,120,TRUE
1.48,4,11,30,target,2,1,120,TRUE
1.72,4,15,30,target,2,1,118,TRUE
1.28,5,0,30,target,2,1,119,TRUE
1.4,5,3,30,target,2,1,119,TRUE
1.12,5,4,30,target,2,1,121,TRUE
1.72,5,11,30,target,2,1,119,TRUE
1.32,5,1,30,target,2,1,119,TRUE
1.2,5,6,30,target,2,1,121,TRUE
1.6,5,8,30,target,2,1,119,TRUE
1.64,5,9,30,target,2,1,119,TRUE
1.68,5,10,30,target,2,1,119,TRUE
1.36,5,2,30,target,2,1,119,TRUE
1.16,5,5,30,target,2,1,121,TRUE
1.24,5,7,30,target,2,1,121,TRUE
1.52,5,14,30,target,2,1,121,TRUE
1.44,5,12,30,target,2,1,121,TRUE
1.48,5,13,30,target,2,1,121,TRUE
1.56,5,15,30,target,2,1,121,TRUE
0,0,0,31,target,0,2,122,FALSE
0.04,0,1,31,target,0,2,122,FALSE
0.08,0,2,31,target,0,2,122,FALSE
0.12,0,3,31,target,0,2,122,FALSE
0.16,0,4,31,target,0,2,123,FALSE
0.2,0,5,31,distr0,0,2,123,FALSE
0.2,0,6,31,distr2,0,2,123,FALSE
0.24,0,8,31,target,0,2,122,FALSE
0.2,0,7,31,target,0,2,123,FALSE
0.28,0,9,31,target,0,2,122,FALSE
0.32,0,10,31,target,0,2,122,FALSE
0.36,0,11,31,target,0,2,122,FALSE
0,1,0,31,target,0,2,125,FALSE
0.08,1,2,31,distr2,0,2,125,FALSE
0.12,1,4,31,target,0,2,124,FALSE
0.08,1,3,31,target,0,2,125,FALSE
0.04,1,1,31,target,0,2,125,FALSE
0.16,1,5,31,target,0,2,124,FALSE
0.2,1,6,31,distr0,0,2,124,FALSE
0.2,1,7,31,target,0,2,124,FALSE
0.32,1,10,31,target,0,2,125,FALSE
0.28,1,9,31,target,0,2,125,FALSE
0.4,1,12,31,target,0,2,124,FALSE
0.24,1,8,31,target,0,2,125,FALSE
0.36,1,11,31,target,0,2,125,FALSE
0.44,1,13,31,distr0,0,2,124,FALSE
0.44,1,14,31,target,0,2,124,FALSE
0.48,1,15,31,target,0,2,124,FALSE
